,id,text,entity_person,entity_place,entity_org,label
0,1,找能做【百度】【搜狗】快排的朋友, , ,"搜狗,百度","['O', 'O', 'O', 'O', 'B-ORG', 'E-ORG', 'O', 'O', 'B-ORG', 'E-ORG', 'O', 'O', 'O', 'O', 'O', 'O']"
1,2,求购朝鲜高仿人民币, ,朝鲜, ,"['O', 'O', 'B-PL', 'E-PL', 'O', 'O', 'O', 'O', 'O']"
2,4,收个暗装支付宝相关的可测试, , ,支付宝,"['O', 'O', 'O', 'O', 'B-ORG', 'I-ORG', 'E-ORG', 'O', 'O', 'O', 'O', 'O', 'O']"
3,5,高价收菠菜卡料，电信卡料。, , ,电信,"['O', 'O', 'O', 'O', 'O', 'O', 'O', 'O', 'B-ORG', 'E-ORG', 'O', 'O', 'O']"
4,6,求购百度贴吧绑定手机号数据, , ,百度,"['O', 'O', 'B-ORG', 'E-ORG', 'O', 'O', 'O', 'O', 'O', 'O', 'O', 'O', 'O']"
5,7,求购美团，饿了么外卖平台各城市代理电话, , ,"饿了么,美团","['O', 'O', 'B-ORG', 'E-ORG', 'O', 'B-ORG', 'I-ORG', 'E-ORG', 'O', 'O', 'O', 'O', 'O', 'O', 'O', 'O', 'O', 'O', 'O']"
6,8,求购香港股民企业资源, ,香港, ,"['O', 'O', 'B-PL', 'E-PL', 'O', 'O', 'O', 'O', 'O', 'O']"
7,10,求购美团用户对商家的评论数据, , ,美团,"['O', 'O', 'B-ORG', 'E-ORG', 'O', 'O', 'O', 'O', 'O', 'O', 'O', 'O', 'O', 'O']"
8,12,收购淘宝女性客户老数据, , ,淘宝,"['O', 'O', 'B-ORG', 'E-ORG', 'O', 'O', 'O', 'O', 'O', 'O', 'O']"
9,13,收购淘宝资料，大量收购。, , ,淘宝,"['O', 'O', 'B-ORG', 'E-ORG', 'O', 'O', 'O', 'O', 'O', 'O', 'O', 'O']"
10,14,求购无痕破解腾讯QQ空间软件链接, , ,腾讯,"['O', 'O', 'O', 'O', 'O', 'O', 'B-ORG', 'E-ORG', 'O', 'O', 'O', 'O', 'O', 'O', 'O', 'O']"
11,15,求购美国公民真实身份信息, ,美国, ,"['O', 'O', 'B-PL', 'E-PL', 'O', 'O', 'O', 'O', 'O', 'O', 'O', 'O']"
12,16,求购安卓麻将游戏外挂插件, , ,安卓,"['O', 'O', 'B-ORG', 'E-ORG', 'O', 'O', 'O', 'O', 'O', 'O', 'O', 'O']"
13,17,求购一款iphone手机远控, , ,iphone,"['O', 'O', 'O', 'O', 'B-ORG', 'I-ORG', 'I-ORG', 'I-ORG', 'I-ORG', 'E-ORG', 'O', 'O', 'O', 'O']"
14,18,出售百度地图谷歌地图上面所有数据, , ,"谷歌,百度","['O', 'O', 'B-ORG', 'E-ORG', 'O', 'O', 'B-ORG', 'E-ORG', 'O', 'O', 'O', 'O', 'O', 'O', 'O', 'O']"
15,19,求购江苏地区快递数据, ,江苏, ,"['O', 'O', 'B-PL', 'E-PL', 'O', 'O', 'O', 'O', 'O', 'O']"
16,20,求购江苏镇江地区淘宝快递资料, ,江苏,淘宝,"['O', 'O', 'B-PL', 'E-PL', 'O', 'O', 'O', 'O', 'B-ORG', 'E-ORG', 'O', 'O', 'O', 'O']"
17,21,求购母婴数据淘宝女性购物数据, , ,淘宝,"['O', 'O', 'O', 'O', 'O', 'O', 'B-ORG', 'E-ORG', 'O', 'O', 'O', 'O', 'O', 'O']"
18,24,求购广东省中小学学生数据, ,广东, ,"['O', 'O', 'B-PL', 'E-PL', 'O', 'O', 'O', 'O', 'O', 'O', 'O', 'O']"
19,26,找一两个甘肃本地的合作不算黑产, ,甘肃, ,"['O', 'O', 'O', 'O', 'B-PL', 'E-PL', 'O', 'O', 'O', 'O', 'O', 'O', 'O', 'O', 'O']"
20,27,QQ微信支付宝好友信息提取, , ,支付宝,"['O', 'O', 'O', 'O', 'B-ORG', 'I-ORG', 'E-ORG', 'O', 'O', 'O', 'O', 'O', 'O']"
21,28,三折美国航空机票，另有各类礼品卡, ,美国, ,"['O', 'O', 'B-PL', 'E-PL', 'O', 'O', 'O', 'O', 'O', 'O', 'O', 'O', 'O', 'O', 'O', 'O']"
22,29,出售百家乐书籍看图, , ,百家乐,"['O', 'O', 'B-ORG', 'I-ORG', 'E-ORG', 'O', 'O', 'O', 'O']"
23,30,圆通10亿条快递物流数据1BTC出售, , ,圆通,"['B-ORG', 'E-ORG', 'O', 'O', 'O', 'O', 'O', 'O', 'O', 'O', 'O', 'O', 'O', 'O', 'O', 'O', 'O', 'O']"
24,31,出优酷数据库6000W.只要10BTC., , ,优酷,"['O', 'B-ORG', 'E-ORG', 'O', 'O', 'O', 'O', 'O', 'O', 'O', 'O', 'O', 'O', 'O', 'O', 'O', 'O', 'O', 'O', 'O']"
25,32,出售京东礼品卡1000面值数张, , ,京东,"['O', 'O', 'B-ORG', 'E-ORG', 'O', 'O', 'O', 'O', 'O', 'O', 'O', 'O', 'O', 'O', 'O']"
26,34,京东买家信息，实时数据，长期供应, , ,京东,"['B-ORG', 'E-ORG', 'O', 'O', 'O', 'O', 'O', 'O', 'O', 'O', 'O', 'O', 'O', 'O', 'O', 'O']"
27,35,出售京东E卡100面值1600张, , ,京东,"['O', 'O', 'B-ORG', 'E-ORG', 'O', 'O', 'O', 'O', 'O', 'O', 'O', 'O', 'O', 'O', 'O', 'O']"
28,36,河北电信全省1600余万手机号信息, ,河北,电信,"['B-PL', 'E-PL', 'B-ORG', 'E-ORG', 'O', 'O', 'O', 'O', 'O', 'O', 'O', 'O', 'O', 'O', 'O', 'O', 'O']"
29,37,收购东南亚数据【账号已删】, ,东南亚, ,"['O', 'O', 'B-PL', 'I-PL', 'E-PL', 'O', 'O', 'O', 'O', 'O', 'O', 'O', 'O']"
30,38,本月再收徒弟三个，教亚马逊刷货，和收料, , ,亚马逊,"['O', 'O', 'O', 'O', 'O', 'O', 'O', 'O', 'O', 'O', 'B-ORG', 'I-ORG', 'E-ORG', 'O', 'O', 'O', 'O', 'O', 'O']"
31,39,顺丰3亿条快递物流独家数据, , ,顺丰,"['B-ORG', 'E-ORG', 'O', 'O', 'O', 'O', 'O', 'O', 'O', 'O', 'O', 'O', 'O']"
32,40,出中国电信实名制无限流量卡, ,中国,电信,"['O', 'B-PL', 'E-PL', 'B-ORG', 'E-ORG', 'O', 'O', 'O', 'O', 'O', 'O', 'O', 'O']"
33,41,中国移动神卡独家货源永久套餐已实名, ,中国,移动,"['B-PL', 'E-PL', 'B-ORG', 'E-ORG', 'O', 'O', 'O', 'O', 'O', 'O', 'O', 'O', 'O', 'O', 'O', 'O', 'O']"
34,43,出售少量东南亚和澳洲CVV, ,"东南亚,澳洲", ,"['O', 'O', 'O', 'O', 'B-PL', 'I-PL', 'E-PL', 'O', 'B-PL', 'E-PL', 'O', 'O', 'O']"
35,44,出售交通银行信用卡申请单数据库, , ,交通银行,"['O', 'O', 'B-ORG', 'I-ORG', 'I-ORG', 'E-ORG', 'O', 'O', 'O', 'O', 'O', 'O', 'O', 'O', 'O']"
36,45,辽宁沈阳高端联系信息15万条, ,"辽宁,沈阳", ,"['B-PL', 'E-PL', 'B-PL', 'E-PL', 'O', 'O', 'O', 'O', 'O', 'O', 'O', 'O', 'O', 'O']"
37,46,机械设计手册中国德国美国版打包, ,"中国,德国,美国", ,"['O', 'O', 'O', 'O', 'O', 'O', 'B-PL', 'E-PL', 'B-PL', 'E-PL', 'B-PL', 'E-PL', 'O', 'O', 'O']"
38,47,出福建，山东，上海，浙江700来万数据, ,"上海,山东,浙江,福建", ,"['O', 'B-PL', 'E-PL', 'O', 'B-PL', 'E-PL', 'O', 'B-PL', 'E-PL', 'O', 'B-PL', 'E-PL', 'O', 'O', 'O', 'O', 'O', 'O', 'O']"
39,48,电脑百度云svip无需安装下载超快, , ,百度,"['O', 'O', 'B-ORG', 'E-ORG', 'O', 'O', 'O', 'O', 'O', 'O', 'O', 'O', 'O', 'O', 'O', 'O', 'O']"
40,49,时时彩程序，迪士尼乐园源码, , ,迪士尼,"['O', 'O', 'O', 'O', 'O', 'O', 'B-ORG', 'I-ORG', 'E-ORG', 'O', 'O', 'O', 'O']"
41,50,百丽鞋业老总吴毅民及家庭成员个人信息,吴毅民, ,百丽鞋业,"['B-ORG', 'I-ORG', 'I-ORG', 'E-ORG', 'O', 'O', 'B-PER', 'I-PER', 'E-PER', 'O', 'O', 'O', 'O', 'O', 'O', 'O', 'O', 'O']"
42,51,出售破解百度云盘分享链接密码软件, , ,百度,"['O', 'O', 'O', 'O', 'B-ORG', 'E-ORG', 'O', 'O', 'O', 'O', 'O', 'O', 'O', 'O', 'O', 'O']"
43,52,出售高匿名美国手机号码质量非凡, ,美国, ,"['O', 'O', 'O', 'O', 'O', 'B-PL', 'E-PL', 'O', 'O', 'O', 'O', 'O', 'O', 'O', 'O']"
44,53,修改价格浙江省1000w学籍数据出售, ,浙江, ,"['O', 'O', 'O', 'O', 'B-PL', 'E-PL', 'O', 'O', 'O', 'O', 'O', 'O', 'O', 'O', 'O', 'O', 'O', 'O']"
45,55,"出售实名绑卡支付宝,V1V2。支付宝", , ,支付宝,"['O', 'O', 'O', 'O', 'O', 'O', 'B-ORG', 'I-ORG', 'E-ORG', 'O', 'O', 'O', 'O', 'O', 'O', 'B-ORG', 'I-ORG', 'E-ORG']"
46,56,出售美国驾照和英美护照psd模版, ,美国, ,"['O', 'O', 'B-PL', 'E-PL', 'O', 'O', 'O', 'O', 'O', 'O', 'O', 'O', 'O', 'O', 'O', 'O']"
47,57,出售最新欧美H游戏四部, ,欧美, ,"['O', 'O', 'O', 'O', 'B-PL', 'E-PL', 'O', 'O', 'O', 'O', 'O']"
48,58,出破解百度云盘加密链接密码, , ,百度,"['O', 'O', 'O', 'B-ORG', 'E-ORG', 'O', 'O', 'O', 'O', 'O', 'O', 'O', 'O']"
49,59,"代过人脸识别认证,POS支付宝等", , ,支付宝,"['O', 'O', 'O', 'O', 'O', 'O', 'O', 'O', 'O', 'O', 'O', 'O', 'B-ORG', 'I-ORG', 'E-ORG', 'O']"
50,61,本人上海经侦现出售几大金融理财公司数据, ,上海, ,"['O', 'O', 'B-PL', 'E-PL', 'O', 'O', 'O', 'O', 'O', 'O', 'O', 'O', 'O', 'O', 'O', 'O', 'O', 'O', 'O']"
51,63,2018年carding亚马逊方法, , ,亚马逊,"['O', 'O', 'O', 'O', 'O', 'O', 'O', 'O', 'O', 'O', 'O', 'O', 'B-ORG', 'I-ORG', 'E-ORG', 'O', 'O']"
52,64,高价求购亚马逊个人买家号, , ,亚马逊,"['O', 'O', 'O', 'O', 'B-ORG', 'I-ORG', 'E-ORG', 'O', 'O', 'O', 'O', 'O']"
53,65,辦理出售一年期假德國緊急護照, ,德國, ,"['O', 'O', 'O', 'O', 'O', 'O', 'O', 'O', 'B-PL', 'E-PL', 'O', 'O', 'O', 'O']"
54,66,出售国内腾讯网易游戏各种外挂不限时间, , ,"网易,腾讯","['O', 'O', 'O', 'O', 'B-ORG', 'E-ORG', 'B-ORG', 'E-ORG', 'O', 'O', 'O', 'O', 'O', 'O', 'O', 'O', 'O', 'O']"
55,67,出售台湾精品一手CVV, ,台湾, ,"['O', 'O', 'B-PL', 'E-PL', 'O', 'O', 'O', 'O', 'O', 'O', 'O']"
56,68,重开新帖100张电信正常话卡，速来, , ,电信,"['O', 'O', 'O', 'O', 'O', 'O', 'O', 'O', 'B-ORG', 'E-ORG', 'O', 'O', 'O', 'O', 'O', 'O', 'O']"
57,71,出售亚马逊刷礼品卡刷手机技术, , ,亚马逊,"['O', 'O', 'B-ORG', 'I-ORG', 'E-ORG', 'O', 'O', 'O', 'O', 'O', 'O', 'O', 'O', 'O']"
58,72,两个iphonex，一个小米MIX, , ,"iphone,小米","['O', 'O', 'B-ORG', 'I-ORG', 'I-ORG', 'I-ORG', 'I-ORG', 'E-ORG', 'O', 'O', 'O', 'O', 'B-ORG', 'E-ORG', 'O', 'O', 'O']"
59,76,中国部分地区楼凤交流论坛分享, ,中国, ,"['B-PL', 'E-PL', 'O', 'O', 'O', 'O', 'O', 'O', 'O', 'O', 'O', 'O', 'O', 'O']"
60,77,出售澳大利亚中央昆士兰大学学士学位学历, ,澳大利亚,中央昆士兰大学,"['O', 'O', 'B-PL', 'I-PL', 'I-PL', 'E-PL', 'B-ORG', 'I-ORG', 'I-ORG', 'I-ORG', 'I-ORG', 'I-ORG', 'E-ORG', 'O', 'O', 'O', 'O', 'O', 'O']"
61,78,10套有效期内的美国护照扫描件带SSN, ,美国, ,"['O', 'O', 'O', 'O', 'O', 'O', 'O', 'O', 'B-PL', 'E-PL', 'O', 'O', 'O', 'O', 'O', 'O', 'O', 'O', 'O']"
62,80,安卓远控木马免杀, , ,安卓,"['B-ORG', 'E-ORG', 'O', 'O', 'O', 'O', 'O', 'O']"
63,81,查身份证名下的电信号码, , ,电信,"['O', 'O', 'O', 'O', 'O', 'O', 'O', 'B-ORG', 'E-ORG', 'O', 'O']"
64,82,2018美国walmart刷货攻略教程, ,美国,walmart,"['O', 'O', 'O', 'O', 'B-PL', 'E-PL', 'B-ORG', 'I-ORG', 'I-ORG', 'I-ORG', 'I-ORG', 'I-ORG', 'E-ORG', 'O', 'O', 'O', 'O', 'O', 'O']"
65,83,出美国PayPal一年账号带GV&SSN, ,美国,PayPal,"['O', 'B-PL', 'E-PL', 'B-ORG', 'I-ORG', 'I-ORG', 'I-ORG', 'I-ORG', 'E-ORG', 'O', 'O', 'O', 'O', 'O', 'O', 'O', 'O', 'O', 'O', 'O']"
66,84,圆通，人人，如家，汉庭等数据, , ,"圆通,人人,如家,汉庭","['B-ORG', 'E-ORG', 'O', 'B-ORG', 'E-ORG', 'O', 'B-ORG', 'E-ORG', 'O', 'B-ORG', 'E-ORG', 'O', 'O', 'O']"
67,85,安卓手机暗网教程，送vpn, , ,安卓,"['B-ORG', 'E-ORG', 'O', 'O', 'O', 'O', 'O', 'O', 'O', 'O', 'O', 'O', 'O']"
68,86,保办日本签证，所有拒签的扔过来！, ,日本, ,"['O', 'O', 'B-PL', 'E-PL', 'O', 'O', 'O', 'O', 'O', 'O', 'O', 'O', 'O', 'O', 'O', 'O']"
69,87,2018年9月最新收徒教刷美国亚马逊！, ,美国,亚马逊,"['O', 'O', 'O', 'O', 'O', 'O', 'O', 'O', 'O', 'O', 'O', 'O', 'O', 'B-PL', 'E-PL', 'B-ORG', 'I-ORG', 'E-ORG', 'O']"
70,88,淘宝用户数据1400W邮箱密码打包, , ,淘宝,"['B-ORG', 'E-ORG', 'O', 'O', 'O', 'O', 'O', 'O', 'O', 'O', 'O', 'O', 'O', 'O', 'O', 'O', 'O']"
71,89,淘宝1400W用户数据邮箱密码, , ,淘宝,"['B-ORG', 'E-ORG', 'O', 'O', 'O', 'O', 'O', 'O', 'O', 'O', 'O', 'O', 'O', 'O', 'O']"
72,90,feiku123专拍民生注册卡, , ,民生,"['O', 'O', 'O', 'O', 'O', 'O', 'O', 'O', 'O', 'O', 'B-ORG', 'E-ORG', 'O', 'O', 'O']"
73,91,【一手精品台湾CVV】价格便宜，质量完美, ,台湾, ,"['O', 'O', 'O', 'O', 'O', 'B-PL', 'E-PL', 'O', 'O', 'O', 'O', 'O', 'O', 'O', 'O', 'O', 'O', 'O', 'O', 'O']"
74,92,高品質加拿大cc卡料, ,加拿大, ,"['O', 'O', 'O', 'B-PL', 'I-PL', 'E-PL', 'O', 'O', 'O', 'O']"
75,93,出售日本某职业介绍所50000条数据, ,日本, ,"['O', 'O', 'B-PL', 'E-PL', 'O', 'O', 'O', 'O', 'O', 'O', 'O', 'O', 'O', 'O', 'O', 'O', 'O', 'O']"
76,95,降价出破解百度云盘加密链接密码的软件, , ,百度,"['O', 'O', 'O', 'O', 'O', 'B-ORG', 'E-ORG', 'O', 'O', 'O', 'O', 'O', 'O', 'O', 'O', 'O', 'O', 'O']"
77,98,代购亚马逊商品4折起！, , ,亚马逊,"['O', 'O', 'B-ORG', 'I-ORG', 'E-ORG', 'O', 'O', 'O', 'O', 'O', 'O']"
78,99,支付宝D0D1通道，量大从优。, , ,支付宝,"['B-ORG', 'I-ORG', 'E-ORG', 'O', 'O', 'O', 'O', 'O', 'O', 'O', 'O', 'O', 'O', 'O', 'O']"
79,100,某超大型国企智联招聘认证账号, , ,智联,"['O', 'O', 'O', 'O', 'O', 'O', 'B-ORG', 'E-ORG', 'O', 'O', 'O', 'O', 'O', 'O']"
80,102,中国各省份小姐信息0.002, ,中国, ,"['B-PL', 'E-PL', 'O', 'O', 'O', 'O', 'O', 'O', 'O', 'O', 'O', 'O', 'O', 'O']"
81,103,中国联通【已实名】100G不限速, ,中国,联通,"['B-PL', 'E-PL', 'B-ORG', 'E-ORG', 'O', 'O', 'O', 'O', 'O', 'O', 'O', 'O', 'O', 'O', 'O', 'O']"
82,104,收购日本，韩国，新加坡，英国邮箱密正！, ,"韩国,新加坡,英国,日本", ,"['O', 'O', 'B-PL', 'E-PL', 'O', 'B-PL', 'E-PL', 'O', 'B-PL', 'I-PL', 'E-PL', 'O', 'B-PL', 'E-PL', 'O', 'O', 'O', 'O', 'O']"
83,105,出售移动联通电信已实名手机卡包邮, , ,"移动,电信,联通","['O', 'O', 'B-ORG', 'E-ORG', 'B-ORG', 'E-ORG', 'B-ORG', 'E-ORG', 'O', 'O', 'O', 'O', 'O', 'O', 'O', 'O']"
84,107,广东建设银行会员10万条, ,广东,建设,"['B-PL', 'E-PL', 'B-ORG', 'E-ORG', 'O', 'O', 'O', 'O', 'O', 'O', 'O', 'O']"
85,108,1千份个体工商户银行卡法人正反手持, , ,工商,"['O', 'O', 'O', 'O', 'O', 'B-ORG', 'E-ORG', 'O', 'O', 'O', 'O', 'O', 'O', 'O', 'O', 'O', 'O']"
86,109,联通实名手机卡匿名必备, , ,联通,"['B-ORG', 'E-ORG', 'O', 'O', 'O', 'O', 'O', 'O', 'O', 'O', 'O']"
87,110,实在看不下去了。出支付宝半实名, , ,支付宝,"['O', 'O', 'O', 'O', 'O', 'O', 'O', 'O', 'O', 'B-ORG', 'I-ORG', 'E-ORG', 'O', 'O', 'O']"
88,111,低价陈冠希艳照门全套阿娇柏芝,"陈冠希,阿娇,柏芝", , ,"['O', 'O', 'B-PER', 'I-PER', 'E-PER', 'O', 'O', 'O', 'O', 'O', 'B-PER', 'E-PER', 'B-PER', 'E-PER']"
89,112,广州股票大户14W条, ,广州, ,"['B-PL', 'E-PL', 'O', 'O', 'O', 'O', 'O', 'O', 'O', 'O']"
90,113,陈冠希艳照门全套阿娇柏芝,"陈冠希,阿娇,柏芝", , ,"['B-PER', 'I-PER', 'E-PER', 'O', 'O', 'O', 'O', 'O', 'B-PER', 'E-PER', 'B-PER', 'E-PER']"
91,114,好莱坞艳照门国外艳照门詹妮弗勞倫斯大表姐,詹妮弗勞倫斯, ,好莱坞,"['B-ORG', 'I-ORG', 'E-ORG', 'O', 'O', 'O', 'O', 'O', 'O', 'O', 'O', 'B-PER', 'I-PER', 'I-PER', 'I-PER', 'I-PER', 'E-PER', 'O', 'O', 'O']"
92,116,包邮全新联通已实名手机卡, , ,联通,"['O', 'O', 'O', 'O', 'B-ORG', 'E-ORG', 'O', 'O', 'O', 'O', 'O', 'O']"
93,117,好莱坞艳照门国外艳照门, , ,好莱坞,"['B-ORG', 'I-ORG', 'E-ORG', 'O', 'O', 'O', 'O', 'O', 'O', 'O', 'O']"
94,118,陈冠希张柏芝钟欣潼艳照门全套,"陈冠希,张柏芝,钟欣潼", , ,"['B-PER', 'I-PER', 'E-PER', 'B-PER', 'I-PER', 'E-PER', 'B-PER', 'I-PER', 'E-PER', 'O', 'O', 'O', 'O', 'O']"
95,119,四川成都地区微信点点客签约用户资料, ,"成都,四川", ,"['B-PL', 'E-PL', 'B-PL', 'E-PL', 'O', 'O', 'O', 'O', 'O', 'O', 'O', 'O', 'O', 'O', 'O', 'O', 'O']"
96,120,2700元北京联通三个月通话记录, ,北京,联通,"['O', 'O', 'O', 'O', 'O', 'B-PL', 'E-PL', 'B-ORG', 'E-ORG', 'O', 'O', 'O', 'O', 'O', 'O', 'O']"
97,121,107年台灣金融相關人員身份訊息數據, ,台灣, ,"['O', 'O', 'O', 'O', 'B-PL', 'E-PL', 'O', 'O', 'O', 'O', 'O', 'O', 'O', 'O', 'O', 'O', 'O', 'O']"
98,122,叶倩彤中国第一声优有声小说作品全集,叶倩彤,中国, ,"['B-PER', 'I-PER', 'E-PER', 'B-PL', 'E-PL', 'O', 'O', 'O', 'O', 'O', 'O', 'O', 'O', 'O', 'O', 'O', 'O']"
99,123,出售英国便宜珠宝通道, ,英国, ,"['O', 'O', 'B-PL', 'E-PL', 'O', 'O', 'O', 'O', 'O', 'O']"
100,125,韩国网红素材摄像头视频18部搜集不易, ,韩国, ,"['B-PL', 'E-PL', 'O', 'O', 'O', 'O', 'O', 'O', 'O', 'O', 'O', 'O', 'O', 'O', 'O', 'O', 'O', 'O']"
101,126,猛料！江苏全省机动车车主姓名.电话.地址, ,江苏, ,"['O', 'O', 'O', 'B-PL', 'E-PL', 'O', 'O', 'O', 'O', 'O', 'O', 'O', 'O', 'O', 'O', 'O', 'O', 'O', 'O', 'O']"
102,127,2016年优酷1亿数据一共5G，私拍。, , ,优酷,"['O', 'O', 'O', 'O', 'O', 'B-ORG', 'E-ORG', 'O', 'O', 'O', 'O', 'O', 'O', 'O', 'O', 'O', 'O', 'O', 'O']"
103,128,卖亚马逊刷的30g黄金, , ,亚马逊,"['O', 'B-ORG', 'I-ORG', 'E-ORG', 'O', 'O', 'O', 'O', 'O', 'O', 'O']"
104,129,百度云下载不限速破解会员版, , ,百度,"['B-ORG', 'E-ORG', 'O', 'O', 'O', 'O', 'O', 'O', 'O', 'O', 'O', 'O', 'O']"
105,130,迅雷下载不限速破解版, , ,迅雷,"['B-ORG', 'E-ORG', 'O', 'O', 'O', 'O', 'O', 'O', 'O', 'O']"
106,131,广州股票大户1W条【测试】, ,广州, ,"['B-PL', 'E-PL', 'O', 'O', 'O', 'O', 'O', 'O', 'O', 'O', 'O', 'O', 'O']"
107,132,军队内部爆破教材，含炸药的简易制备等, , ,军队,"['B-ORG', 'E-ORG', 'O', 'O', 'O', 'O', 'O', 'O', 'O', 'O', 'O', 'O', 'O', 'O', 'O', 'O', 'O', 'O']"
108,133,最新广州郑筱学生私拍视频低价0.001,郑筱,广州, ,"['O', 'O', 'B-PL', 'E-PL', 'B-PER', 'E-PER', 'O', 'O', 'O', 'O', 'O', 'O', 'O', 'O', 'O', 'O', 'O', 'O', 'O']"
109,134,网易52g数据0.001个比特币, , ,网易,"['B-ORG', 'E-ORG', 'O', 'O', 'O', 'O', 'O', 'O', 'O', 'O', 'O', 'O', 'O', 'O', 'O', 'O']"
110,136,工商银行查询！！！菠菜老板进来看, , ,工商,"['B-ORG', 'E-ORG', 'O', 'O', 'O', 'O', 'O', 'O', 'O', 'O', 'O', 'O', 'O', 'O', 'O', 'O']"
111,138,安卓手机小米5s私人拍, , ,"安卓,小米","['B-ORG', 'E-ORG', 'O', 'O', 'B-ORG', 'E-ORG', 'O', 'O', 'O', 'O', 'O']"
112,139,陈冠希艳照门全套照片,陈冠希, , ,"['B-PER', 'I-PER', 'E-PER', 'O', 'O', 'O', 'O', 'O', 'O', 'O']"
113,140,广东青年医师数据数万条, ,广东, ,"['B-PL', 'E-PL', 'O', 'O', 'O', 'O', 'O', 'O', 'O', 'O', 'O']"
114,141,解冻代取微信支付宝零钱限制提现转账, , ,支付宝,"['O', 'O', 'O', 'O', 'O', 'O', 'B-ORG', 'I-ORG', 'E-ORG', 'O', 'O', 'O', 'O', 'O', 'O', 'O', 'O']"
115,142,上海工商银行128500条信息, ,上海,工商,"['B-PL', 'E-PL', 'B-ORG', 'E-ORG', 'O', 'O', 'O', 'O', 'O', 'O', 'O', 'O', 'O', 'O', 'O']"
116,143,福建省泉州市7000条小区业主信息, ,"福建,福建省泉州市", ,"['B-PL', 'I-PL', 'I-PL', 'I-PL', 'I-PL', 'E-PL', 'O', 'O', 'O', 'O', 'O', 'O', 'O', 'O', 'O', 'O', 'O']"
117,144,深圳平安银行存款过千万客户1242个, ,深圳,深圳平安银行,"['B-ORG', 'I-ORG', 'I-ORG', 'I-ORG', 'I-ORG', 'E-ORG', 'O', 'O', 'O', 'O', 'O', 'O', 'O', 'O', 'O', 'O', 'O', 'O']"
118,145,优酷9500万用户名及原文密码, , ,优酷,"['B-ORG', 'E-ORG', 'O', 'O', 'O', 'O', 'O', 'O', 'O', 'O', 'O', 'O', 'O', 'O', 'O']"
119,146,安卓免杀木马再降价出售, , ,安卓,"['B-ORG', 'E-ORG', 'O', 'O', 'O', 'O', 'O', 'O', 'O', 'O', 'O']"
120,147,专业出售国外性奴日本东南亚欧洲, ,"东南亚,日本,欧洲", ,"['O', 'O', 'O', 'O', 'O', 'O', 'O', 'O', 'B-PL', 'E-PL', 'B-PL', 'I-PL', 'E-PL', 'B-PL', 'E-PL']"
121,149,暗网小谷歌，长效持久, , ,谷歌,"['O', 'O', 'O', 'B-ORG', 'E-ORG', 'O', 'O', 'O', 'O', 'O']"
122,152,代办中国户口，身份，幽灵户口，东南亚护照, ,"东南亚,中国", ,"['O', 'O', 'B-PL', 'E-PL', 'O', 'O', 'O', 'O', 'O', 'O', 'O', 'O', 'O', 'O', 'O', 'B-PL', 'I-PL', 'E-PL', 'O', 'O']"
123,153,亚马逊20万数据ID姓名手机邮箱, , ,亚马逊,"['B-ORG', 'I-ORG', 'E-ORG', 'O', 'O', 'O', 'O', 'O', 'O', 'O', 'O', 'O', 'O', 'O', 'O', 'O']"
124,156,美国全局代理路由器, ,美国, ,"['B-PL', 'E-PL', 'O', 'O', 'O', 'O', 'O', 'O', 'O']"
125,157,美国全局代理路由器百分百, ,美国, ,"['B-PL', 'E-PL', 'O', 'O', 'O', 'O', 'O', 'O', 'O', 'O', 'O', 'O']"
126,158,美国全局代理路由器100, ,美国, ,"['B-PL', 'E-PL', 'O', 'O', 'O', 'O', 'O', 'O', 'O', 'O', 'O', 'O']"
127,159,腾讯QQ群7000W旧社工库经典库重发, , ,腾讯,"['B-ORG', 'E-ORG', 'O', 'O', 'O', 'O', 'O', 'O', 'O', 'O', 'O', 'O', 'O', 'O', 'O', 'O', 'O', 'O', 'O']"
128,160,收一手台湾各大购物网站数据, ,台湾, ,"['O', 'O', 'O', 'B-PL', 'E-PL', 'O', 'O', 'O', 'O', 'O', 'O', 'O', 'O']"
129,161,求购0.0008btc。支付宝回款, , ,支付宝,"['O', 'O', 'O', 'O', 'O', 'O', 'O', 'O', 'O', 'O', 'O', 'O', 'B-ORG', 'I-ORG', 'E-ORG', 'O', 'O']"
130,162,出售个英国cvv100存活, ,英国, ,"['O', 'O', 'O', 'B-PL', 'E-PL', 'O', 'O', 'O', 'O', 'O', 'O', 'O', 'O']"
131,164,低价出售国外安卓木马汉化版, , ,安卓,"['O', 'O', 'O', 'O', 'O', 'O', 'B-ORG', 'E-ORG', 'O', 'O', 'O', 'O', 'O']"
132,167,重庆某校花微信&&全国外围经纪人微信, ,重庆, ,"['B-PL', 'E-PL', 'O', 'O', 'O', 'O', 'O', 'O', 'O', 'O', 'O', 'O', 'O', 'O', 'O', 'O', 'O', 'O']"
133,168,支付宝，微信安全匿名收款方式, , ,支付宝,"['B-ORG', 'I-ORG', 'E-ORG', 'O', 'O', 'O', 'O', 'O', 'O', 'O', 'O', 'O', 'O', 'O']"
134,169,收0.005BTC本站用，支付宝转账, , ,支付宝,"['O', 'O', 'O', 'O', 'O', 'O', 'O', 'O', 'O', 'O', 'O', 'O', 'O', 'B-ORG', 'I-ORG', 'E-ORG', 'O', 'O']"
135,170,老资源陈冠希艳照门全套照片,陈冠希, , ,"['O', 'O', 'O', 'B-PER', 'I-PER', 'E-PER', 'O', 'O', 'O', 'O', 'O', 'O', 'O']"
136,171,6W北京民生银行金卡客户, ,北京,民生,"['O', 'O', 'B-PL', 'E-PL', 'B-ORG', 'E-ORG', 'O', 'O', 'O', 'O', 'O', 'O']"
137,172,80W上海银行客户姓名电话身份证地址, ,上海, ,"['O', 'O', 'O', 'B-PL', 'E-PL', 'O', 'O', 'O', 'O', 'O', 'O', 'O', 'O', 'O', 'O', 'O', 'O', 'O']"
138,173,200万条以上海淘老数据, ,上海, ,"['O', 'O', 'O', 'O', 'O', 'O', 'B-PL', 'E-PL', 'O', 'O', 'O', 'O']"
139,174,美国VISAMASTER, ,美国, ,"['B-PL', 'E-PL', 'O', 'O', 'O', 'O', 'O', 'O', 'O', 'O', 'O', 'O']"
140,178,代办美国公民身份，真实合法护照。, ,美国, ,"['O', 'O', 'B-PL', 'E-PL', 'O', 'O', 'O', 'O', 'O', 'O', 'O', 'O', 'O', 'O', 'O', 'O']"
141,179,代办各国护照，以及美国墨西哥入境业务, ,"墨西哥,美国", ,"['O', 'O', 'O', 'O', 'O', 'O', 'O', 'O', 'O', 'B-PL', 'E-PL', 'B-PL', 'I-PL', 'E-PL', 'O', 'O', 'O', 'O']"
142,181,ssr高速新加坡节点一年使用6, ,新加坡, ,"['O', 'O', 'O', 'O', 'O', 'B-PL', 'I-PL', 'E-PL', 'O', 'O', 'O', 'O', 'O', 'O', 'O']"
143,182,天津15岁初二学生性奴转让, ,天津, ,"['B-PL', 'E-PL', 'O', 'O', 'O', 'O', 'O', 'O', 'O', 'O', 'O', 'O', 'O']"
144,184,美国VPSSHELL专拍, ,美国, ,"['B-PL', 'E-PL', 'O', 'O', 'O', 'O', 'O', 'O', 'O', 'O', 'O', 'O']"
145,185,企业名录企业法人天津市, ,天津, ,"['O', 'O', 'O', 'O', 'O', 'O', 'O', 'O', 'B-PL', 'E-PL', 'O']"
146,186,出售爱上海爱北京楼凤站点会员信息独家, ,"上海,北京", ,"['O', 'O', 'O', 'B-PL', 'E-PL', 'O', 'B-PL', 'E-PL', 'O', 'O', 'O', 'O', 'O', 'O', 'O', 'O', 'O', 'O']"
147,191,实名移动手机卡，带免费流量，遗失随时可补, , ,移动,"['O', 'O', 'B-ORG', 'E-ORG', 'O', 'O', 'O', 'O', 'O', 'O', 'O', 'O', 'O', 'O', 'O', 'O', 'O', 'O', 'O', 'O']"
148,192,百家乐投标带徒本金200不到就够, , ,百家乐,"['B-ORG', 'I-ORG', 'E-ORG', 'O', 'O', 'O', 'O', 'O', 'O', 'O', 'O', 'O', 'O', 'O', 'O', 'O']"
149,193,土耳其4900万公民信息数据低价处理, ,土耳其, ,"['B-PL', 'I-PL', 'E-PL', 'O', 'O', 'O', 'O', 'O', 'O', 'O', 'O', 'O', 'O', 'O', 'O', 'O', 'O', 'O']"
150,194,人人网500万明文密码低价处理, , ,人人网,"['B-ORG', 'I-ORG', 'E-ORG', 'O', 'O', 'O', 'O', 'O', 'O', 'O', 'O', 'O', 'O', 'O', 'O']"
151,195,淘宝买家卖家邮箱2500万, , ,淘宝,"['B-ORG', 'E-ORG', 'O', 'O', 'O', 'O', 'O', 'O', 'O', 'O', 'O', 'O', 'O']"
152,196,凡客诚品20万用户数据低价处理, , ,凡客诚品,"['B-ORG', 'I-ORG', 'I-ORG', 'E-ORG', 'O', 'O', 'O', 'O', 'O', 'O', 'O', 'O', 'O', 'O', 'O']"
153,197,亚马逊中国买家20万数据低价处理, ,中国,亚马逊,"['B-ORG', 'I-ORG', 'E-ORG', 'B-PL', 'E-PL', 'O', 'O', 'O', 'O', 'O', 'O', 'O', 'O', 'O', 'O', 'O']"
154,199,卡塔尔国家银行QNB数据低价处理, ,卡塔尔, ,"['B-PL', 'I-PL', 'E-PL', 'O', 'O', 'O', 'O', 'O', 'O', 'O', 'O', 'O', 'O', 'O', 'O', 'O']"
155,201,出一手美国cvv，包活, ,美国, ,"['O', 'O', 'O', 'B-PL', 'E-PL', 'O', 'O', 'O', 'O', 'O', 'O']"
156,202,顶级安卓木马随心监控手机, , ,安卓,"['O', 'O', 'B-ORG', 'E-ORG', 'O', 'O', 'O', 'O', 'O', 'O', 'O', 'O']"
157,203,百度云下载不限速最新版, , ,百度,"['B-ORG', 'E-ORG', 'O', 'O', 'O', 'O', 'O', 'O', 'O', 'O', 'O']"
158,204,carding亚马逊出货教学, , ,亚马逊,"['O', 'O', 'O', 'O', 'O', 'O', 'O', 'B-ORG', 'I-ORG', 'E-ORG', 'O', 'O', 'O', 'O']"
159,205,出京东商城撸货百分之百退款技术教程和实战, , ,京东,"['O', 'B-ORG', 'E-ORG', 'O', 'O', 'O', 'O', 'O', 'O', 'O', 'O', 'O', 'O', 'O', 'O', 'O', 'O', 'O', 'O', 'O']"
160,206,企业名录企业法人上海市, ,上海, ,"['O', 'O', 'O', 'O', 'O', 'O', 'O', 'O', 'B-PL', 'E-PL', 'O']"
161,208,亚马逊刷iphonexsmax, , ,"iphone,亚马逊","['B-ORG', 'I-ORG', 'E-ORG', 'O', 'B-ORG', 'I-ORG', 'I-ORG', 'I-ORG', 'I-ORG', 'E-ORG', 'O', 'O', 'O', 'O', 'O']"
162,209,30张实名辽宁电信卡COCO专拍, ,辽宁,电信,"['O', 'O', 'O', 'O', 'O', 'B-PL', 'E-PL', 'B-ORG', 'E-ORG', 'O', 'O', 'O', 'O', 'O', 'O', 'O']"
163,210,阿里巴巴内部通讯录两份, , ,阿里巴巴,"['B-ORG', 'I-ORG', 'I-ORG', 'E-ORG', 'O', 'O', 'O', 'O', 'O', 'O', 'O']"
164,211,国外沃尔玛GIFT余额账户46刀余额, , ,沃尔玛,"['O', 'O', 'B-ORG', 'I-ORG', 'E-ORG', 'O', 'O', 'O', 'O', 'O', 'O', 'O', 'O', 'O', 'O', 'O', 'O', 'O']"
165,212,200G各种日本资源, ,日本, ,"['O', 'O', 'O', 'O', 'O', 'O', 'B-PL', 'E-PL', 'O', 'O']"
166,213,收0.01btc本站用，支付宝或微信秒回, , ,支付宝,"['O', 'O', 'O', 'O', 'O', 'O', 'O', 'O', 'O', 'O', 'O', 'O', 'B-ORG', 'I-ORG', 'E-ORG', 'O', 'O', 'O', 'O', 'O']"
167,215,收btc微信支付宝秒回, , ,支付宝,"['O', 'O', 'O', 'O', 'O', 'O', 'B-ORG', 'I-ORG', 'E-ORG', 'O', 'O']"
168,216,百度关键词快速排名服务, , ,百度,"['B-ORG', 'E-ORG', 'O', 'O', 'O', 'O', 'O', 'O', 'O', 'O', 'O']"
169,217,2018.10.6天津凤楼最新信息50份, ,天津, ,"['O', 'O', 'O', 'O', 'O', 'O', 'O', 'O', 'O', 'B-PL', 'E-PL', 'O', 'O', 'O', 'O', 'O', 'O', 'O', 'O', 'O']"
170,218,电话轰炸机，可乎到死机。安卓重新发帖, , ,安卓,"['O', 'O', 'O', 'O', 'O', 'O', 'O', 'O', 'O', 'O', 'O', 'O', 'B-ORG', 'E-ORG', 'O', 'O', 'O', 'O']"
171,220,百度云泄密24部63G合集, , ,"百度,百度云","['B-ORG', 'I-ORG', 'E-ORG', 'O', 'O', 'O', 'O', 'O', 'O', 'O', 'O', 'O', 'O']"
172,221,上海美罗城厕所偷拍视频11.95G, ,上海,美罗城,"['B-PL', 'E-PL', 'B-ORG', 'I-ORG', 'E-ORG', 'O', 'O', 'O', 'O', 'O', 'O', 'O', 'O', 'O', 'O', 'O', 'O']"
173,222,日本亚马逊账号邮箱密正, ,日本,亚马逊,"['B-PL', 'E-PL', 'B-ORG', 'I-ORG', 'E-ORG', 'O', 'O', 'O', 'O', 'O', 'O']"
174,223,批量出售，成品淘宝店铺，闲鱼店铺, , ,"淘宝,闲鱼","['O', 'O', 'O', 'O', 'O', 'O', 'O', 'B-ORG', 'E-ORG', 'O', 'O', 'O', 'B-ORG', 'E-ORG', 'O', 'O']"
175,224,420万爱奇艺会员充值用户手机号码, , ,爱奇艺,"['O', 'O', 'O', 'O', 'B-ORG', 'I-ORG', 'E-ORG', 'O', 'O', 'O', 'O', 'O', 'O', 'O', 'O', 'O', 'O']"
176,225,收0.01btc，wx或支付宝回款450, , ,支付宝,"['O', 'O', 'O', 'O', 'O', 'O', 'O', 'O', 'O', 'O', 'O', 'O', 'B-ORG', 'I-ORG', 'E-ORG', 'O', 'O', 'O', 'O', 'O']"
177,226,收购0.1比特币，支付宝回款4500！, , ,支付宝,"['O', 'O', 'O', 'O', 'O', 'O', 'O', 'O', 'O', 'B-ORG', 'I-ORG', 'E-ORG', 'O', 'O', 'O', 'O', 'O', 'O', 'O']"
178,227,企业名录企业法人深圳市, ,深圳, ,"['O', 'O', 'O', 'O', 'O', 'O', 'O', 'O', 'B-PL', 'E-PL', 'O']"
179,229,400多个美国老总名片, ,美国, ,"['O', 'O', 'O', 'O', 'O', 'B-PL', 'E-PL', 'O', 'O', 'O', 'O']"
180,231,上海00年05年部分出生信息8万条, ,上海, ,"['B-PL', 'E-PL', 'O', 'O', 'O', 'O', 'O', 'O', 'O', 'O', 'O', 'O', 'O', 'O', 'O', 'O', 'O']"
181,238,重开京东商城买商品退款技术教程, , ,京东,"['O', 'O', 'B-ORG', 'E-ORG', 'O', 'O', 'O', 'O', 'O', 'O', 'O', 'O', 'O', 'O', 'O']"
182,239,北京工商银行102万数据低价处理, ,北京,工商,"['B-PL', 'E-PL', 'B-ORG', 'E-ORG', 'O', 'O', 'O', 'O', 'O', 'O', 'O', 'O', 'O', 'O', 'O', 'O']"
183,240,北京建设银行50万数据低价处理, ,北京,建设,"['B-PL', 'E-PL', 'B-ORG', 'E-ORG', 'O', 'O', 'O', 'O', 'O', 'O', 'O', 'O', 'O', 'O', 'O']"
184,241,72787条深圳航空VIP会员数据, ,深圳,深圳航空,"['O', 'O', 'O', 'O', 'O', 'O', 'B-ORG', 'I-ORG', 'I-ORG', 'E-ORG', 'O', 'O', 'O', 'O', 'O', 'O', 'O']"
185,242,225665条广州航空数据, ,广州,广州航空,"['O', 'O', 'O', 'O', 'O', 'O', 'O', 'B-ORG', 'I-ORG', 'I-ORG', 'E-ORG', 'O', 'O']"
186,244,北京民生银行金卡64451条, ,北京,民生,"['B-PL', 'E-PL', 'B-ORG', 'E-ORG', 'O', 'O', 'O', 'O', 'O', 'O', 'O', 'O', 'O', 'O']"
187,245,深圳平安银行存款过千万客户1243条, ,深圳,深圳平安银行,"['B-ORG', 'I-ORG', 'I-ORG', 'I-ORG', 'I-ORG', 'E-ORG', 'O', 'O', 'O', 'O', 'O', 'O', 'O', 'O', 'O', 'O', 'O', 'O']"
188,246,深圳工商银行VIP37000条, ,深圳,工商,"['B-PL', 'E-PL', 'B-ORG', 'E-ORG', 'O', 'O', 'O', 'O', 'O', 'O', 'O', 'O', 'O', 'O', 'O']"
189,247,深圳银行会员41817条, ,深圳, ,"['B-PL', 'E-PL', 'O', 'O', 'O', 'O', 'O', 'O', 'O', 'O', 'O', 'O']"
190,248,深圳业主银行卡号3500条, ,深圳, ,"['B-PL', 'E-PL', 'O', 'O', 'O', 'O', 'O', 'O', 'O', 'O', 'O', 'O', 'O']"
191,249,企业名录企业法人重庆市, ,"重庆市,重庆", ,"['O', 'O', 'O', 'O', 'O', 'O', 'O', 'O', 'B-PL', 'E-PL', 'E-PL']"
192,250,广州工行大客户名单30060条低价处理, ,广州,工行,"['B-PL', 'E-PL', 'B-ORG', 'E-ORG', 'O', 'O', 'O', 'O', 'O', 'O', 'O', 'O', 'O', 'O', 'O', 'O', 'O', 'O', 'O']"
193,251,广州工行白金卡名单11万条, ,广州, ,"['B-PL', 'E-PL', 'O', 'O', 'O', 'O', 'O', 'O', 'O', 'O', 'O', 'O', 'O']"
194,252,深圳建设银行车主22万条低价处理, ,深圳,建设,"['B-PL', 'E-PL', 'B-ORG', 'E-ORG', 'O', 'O', 'O', 'O', 'O', 'O', 'O', 'O', 'O', 'O', 'O', 'O']"
195,253,上海工商银行大额存款客户17886条, ,上海,工商,"['B-PL', 'E-PL', 'B-ORG', 'E-ORG', 'O', 'O', 'O', 'O', 'O', 'O', 'O', 'O', 'O', 'O', 'O', 'O', 'O', 'O']"
196,254,上海建设银行客户7万条低价处理, ,上海,建设,"['B-PL', 'E-PL', 'B-ORG', 'E-ORG', 'O', 'O', 'O', 'O', 'O', 'O', 'O', 'O', 'O', 'O', 'O']"
197,255,新拿的杭州一电子公司服务器shell, ,杭州, ,"['O', 'O', 'O', 'B-PL', 'E-PL', 'O', 'O', 'O', 'O', 'O', 'O', 'O', 'O', 'O', 'O', 'O', 'O', 'O']"
198,256,上海交行太平洋金卡会员11276条, ,上海,交行,"['B-PL', 'E-PL', 'B-ORG', 'E-ORG', 'O', 'O', 'O', 'O', 'O', 'O', 'O', 'O', 'O', 'O', 'O', 'O', 'O']"
199,258,上海各大银行会员45万条, ,上海, ,"['B-PL', 'E-PL', 'O', 'O', 'O', 'O', 'O', 'O', 'O', 'O', 'O', 'O']"
200,259,上海银行贵宾客户106807条, ,上海, ,"['B-PL', 'E-PL', 'O', 'O', 'O', 'O', 'O', 'O', 'O', 'O', 'O', 'O', 'O', 'O', 'O']"
201,261,上海招商银行19万条，低价处理, ,上海,招商,"['B-PL', 'E-PL', 'B-ORG', 'E-ORG', 'O', 'O', 'O', 'O', 'O', 'O', 'O', 'O', 'O', 'O', 'O']"
202,262,上海中信银行4504条客户资料, ,上海,中信银行,"['B-PL', 'E-PL', 'B-ORG', 'I-ORG', 'I-ORG', 'E-ORG', 'O', 'O', 'O', 'O', 'O', 'O', 'O', 'O', 'O']"
203,263,深圳各银行贵宾卡用户16万低价处理, ,深圳, ,"['B-PL', 'E-PL', 'O', 'O', 'O', 'O', 'O', 'O', 'O', 'O', 'O', 'O', 'O', 'O', 'O', 'O', 'O']"
204,264,企业名录企业法人广东省, ,广东, ,"['O', 'O', 'O', 'O', 'O', 'O', 'O', 'O', 'B-PL', 'E-PL', 'O']"
205,265,深圳业主银行数据低价处理, ,深圳, ,"['B-PL', 'E-PL', 'O', 'O', 'O', 'O', 'O', 'O', 'O', 'O', 'O', 'O']"
206,266,深圳招商银行金卡会员1.3万低价处理, ,深圳,招商,"['B-PL', 'E-PL', 'B-ORG', 'E-ORG', 'O', 'O', 'O', 'O', 'O', 'O', 'O', 'O', 'O', 'O', 'O', 'O', 'O', 'O']"
207,267,深圳中信银行会员20016条, ,深圳,中信银行,"['B-PL', 'E-PL', 'B-ORG', 'I-ORG', 'I-ORG', 'E-ORG', 'O', 'O', 'O', 'O', 'O', 'O', 'O', 'O']"
208,268,高价收近期日本邮箱数据, ,日本, ,"['O', 'O', 'O', 'O', 'O', 'B-PL', 'E-PL', 'O', 'O', 'O', 'O']"
209,269,出售韩国摄像头数据1000个, ,韩国, ,"['O', 'O', 'B-PL', 'E-PL', 'O', 'O', 'O', 'O', 'O', 'O', 'O', 'O', 'O', 'O']"
210,270,黑客专门接日本博彩网站，需要的人来！, ,日本, ,"['O', 'O', 'O', 'O', 'O', 'B-PL', 'E-PL', 'O', 'O', 'O', 'O', 'O', 'O', 'O', 'O', 'O', 'O', 'O']"
211,271,出售美国德国阿联酋C料, ,"德国,美国", ,"['O', 'O', 'B-PL', 'E-PL', 'B-PL', 'E-PL', 'O', 'O', 'O', 'O', 'O']"
212,273,企业名录企业法人浙江省, ,浙江, ,"['O', 'O', 'O', 'O', 'O', 'O', 'O', 'O', 'B-PL', 'E-PL', 'O']"
213,274,"盐酸曲马多,辽宁药厂生产的,懂的来.", ,辽宁, ,"['O', 'O', 'O', 'O', 'O', 'O', 'B-PL', 'E-PL', 'O', 'O', 'O', 'O', 'O', 'O', 'O', 'O', 'O', 'O']"
214,276,收购淘宝足迹推送软件, , ,淘宝,"['O', 'O', 'B-ORG', 'E-ORG', 'O', 'O', 'O', 'O', 'O', 'O']"
215,277,安卓魔力宝盒老司机免费看直播av, , ,安卓,"['B-ORG', 'E-ORG', 'O', 'O', 'O', 'O', 'O', 'O', 'O', 'O', 'O', 'O', 'O', 'O', 'O', 'O']"
216,278,企业名录企业法人福建省, ,福建, ,"['O', 'O', 'O', 'O', 'O', 'O', 'O', 'O', 'B-PL', 'E-PL', 'O']"
217,279,浙江上海千万以上富豪数据独家出售, ,"上海,浙江", ,"['B-PL', 'E-PL', 'B-PL', 'E-PL', 'O', 'O', 'O', 'O', 'O', 'O', 'O', 'O', 'O', 'O', 'O', 'O']"
218,280,台湾105万邮箱明文密码, ,台湾, ,"['B-PL', 'E-PL', 'O', 'O', 'O', 'O', 'O', 'O', 'O', 'O', 'O', 'O']"
219,281,有没有收淘宝订单的实时数据, , ,淘宝,"['O', 'O', 'O', 'O', 'B-ORG', 'E-ORG', 'O', 'O', 'O', 'O', 'O', 'O', 'O']"
220,282,出售韩国家庭摄像头数据可打开观看, ,韩国, ,"['O', 'O', 'B-PL', 'E-PL', 'O', 'O', 'O', 'O', 'O', 'O', 'O', 'O', 'O', 'O', 'O', 'O']"
221,283,黑客接单日本菠菜网站, ,日本, ,"['O', 'O', 'O', 'O', 'B-PL', 'E-PL', 'O', 'O', 'O', 'O']"
222,284,企业名录企业法人山西省, ,山西, ,"['O', 'O', 'O', 'O', 'O', 'O', 'O', 'O', 'B-PL', 'E-PL', 'O']"
223,285,最新版安卓APP内购VIP破解版, , ,安卓,"['O', 'O', 'O', 'B-ORG', 'E-ORG', 'O', 'O', 'O', 'O', 'O', 'O', 'O', 'O', 'O', 'O', 'O']"
224,286,出淘宝漏洞教程一份年入15W不是问题, , ,淘宝,"['O', 'B-ORG', 'E-ORG', 'O', 'O', 'O', 'O', 'O', 'O', 'O', 'O', 'O', 'O', 'O', 'O', 'O', 'O', 'O']"
225,287,翻墙vpn只支持安卓, , ,安卓,"['O', 'O', 'O', 'O', 'O', 'O', 'O', 'O', 'B-ORG', 'E-ORG']"
226,288,重磅迷奸倾情巨献香港嫩模被迷奸, ,香港, ,"['O', 'O', 'O', 'O', 'O', 'O', 'O', 'O', 'B-PL', 'E-PL', 'O', 'O', 'O', 'O', 'O']"
227,289,160万条智联招聘数据库, , ,智联,"['O', 'O', 'O', 'O', 'O', 'B-ORG', 'E-ORG', 'O', 'O', 'O', 'O', 'O']"
228,290,求联通营业厅dalao合作, , ,联通,"['O', 'B-ORG', 'E-ORG', 'O', 'O', 'O', 'O', 'O', 'O', 'O', 'O', 'O', 'O']"
229,291,三网名下号150RMB顺丰淘宝, , ,"顺丰,淘宝","['O', 'O', 'O', 'O', 'O', 'O', 'O', 'O', 'O', 'O', 'O', 'B-ORG', 'E-ORG', 'B-ORG', 'E-ORG']"
230,292,ioswindows安卓进入暗网方法, , ,安卓,"['O', 'O', 'O', 'O', 'O', 'O', 'O', 'O', 'O', 'O', 'B-ORG', 'E-ORG', 'O', 'O', 'O', 'O', 'O', 'O']"
231,293,独家饿了么新账号漏洞无限制下单, , ,饿了么,"['O', 'O', 'B-ORG', 'I-ORG', 'E-ORG', 'O', 'O', 'O', 'O', 'O', 'O', 'O', 'O', 'O', 'O']"
232,294,中国的艾滋病患者档案, ,中国, ,"['B-PL', 'E-PL', 'O', 'O', 'O', 'O', 'O', 'O', 'O', 'O']"
233,295,代办中国户口，护照，注销户口黑户, ,中国, ,"['O', 'O', 'B-PL', 'E-PL', 'O', 'O', 'O', 'O', 'O', 'O', 'O', 'O', 'O', 'O', 'O', 'O']"
234,296,香港收化妆品数码PC配件等物品, ,香港, ,"['B-PL', 'E-PL', 'O', 'O', 'O', 'O', 'O', 'O', 'O', 'O', 'O', 'O', 'O', 'O', 'O']"
235,297,德国打工，包落地，包找工作, ,德国, ,"['B-PL', 'E-PL', 'O', 'O', 'O', 'O', 'O', 'O', 'O', 'O', 'O', 'O', 'O']"
236,299,土木在线540万数据自动发货, , ,土木在线,"['B-ORG', 'I-ORG', 'I-ORG', 'E-ORG', 'O', 'O', 'O', 'O', 'O', 'O', 'O', 'O', 'O', 'O']"
237,300,求购香港的股民电话号码, ,香港, ,"['O', 'O', 'B-PL', 'E-PL', 'O', 'O', 'O', 'O', 'O', 'O', 'O']"
238,303,山西省官员数据低价处理, ,山西, ,"['B-PL', 'E-PL', 'O', 'O', 'O', 'O', 'O', 'O', 'O', 'O', 'O']"
239,304,急。收0.002btc支付宝回款100, , ,支付宝,"['O', 'O', 'O', 'O', 'O', 'O', 'O', 'O', 'O', 'O', 'O', 'B-ORG', 'I-ORG', 'E-ORG', 'O', 'O', 'O', 'O', 'O']"
240,305,收btc微信支付宝秒回, , ,支付宝,"['O', 'O', 'O', 'O', 'O', 'O', 'B-ORG', 'I-ORG', 'E-ORG', 'O', 'O']"
241,306,Re陈冠希张柏芝钟欣潼艳照门全套,"陈冠希,张柏芝,钟欣潼", , ,"['O', 'O', 'B-PER', 'I-PER', 'E-PER', 'B-PER', 'I-PER', 'E-PER', 'B-PER', 'I-PER', 'E-PER', 'O', 'O', 'O', 'O', 'O']"
242,307,澳门百家乐公式，语音指导你，网上陪打, ,澳门,百家乐,"['B-PL', 'E-PL', 'B-ORG', 'I-ORG', 'E-ORG', 'O', 'O', 'O', 'O', 'O', 'O', 'O', 'O', 'O', 'O', 'O', 'O', 'O']"
243,308,出售国外性奴欧美东南亚日本, ,"东南亚,欧美,日本", ,"['O', 'O', 'O', 'O', 'O', 'O', 'B-PL', 'E-PL', 'B-PL', 'I-PL', 'E-PL', 'B-PL', 'E-PL']"
244,309,收一手移动联通电信通话详单，有量有价。, , ,"联通,移动,电信","['O', 'O', 'O', 'B-ORG', 'E-ORG', 'B-ORG', 'E-ORG', 'B-ORG', 'E-ORG', 'O', 'O', 'O', 'O', 'O', 'O', 'O', 'O', 'O', 'O']"
245,311,洗白洗各种料转移，拦截同步回访电信等, , ,电信,"['O', 'O', 'O', 'O', 'O', 'O', 'O', 'O', 'O', 'O', 'O', 'O', 'O', 'O', 'O', 'B-ORG', 'E-ORG', 'O']"
246,313,香港足彩高手实时推单, ,香港, ,"['B-PL', 'E-PL', 'O', 'O', 'O', 'O', 'O', 'O', 'O', 'O']"
247,314,收0.004btc支付宝微信回款220, , ,支付宝,"['O', 'O', 'O', 'O', 'O', 'O', 'O', 'O', 'O', 'B-ORG', 'I-ORG', 'E-ORG', 'O', 'O', 'O', 'O', 'O', 'O', 'O']"
248,316,出售安卓看片app，每日更新, , ,安卓,"['O', 'O', 'B-ORG', 'E-ORG', 'O', 'O', 'O', 'O', 'O', 'O', 'O', 'O', 'O', 'O']"
249,317,出一个淘宝广告引流方面的具体流程, , ,淘宝,"['O', 'O', 'O', 'B-ORG', 'E-ORG', 'O', 'O', 'O', 'O', 'O', 'O', 'O', 'O', 'O', 'O', 'O']"
250,318,最新安卓远控手机木马源码！！！, , ,安卓,"['O', 'O', 'B-ORG', 'E-ORG', 'O', 'O', 'O', 'O', 'O', 'O', 'O', 'O', 'O', 'O', 'O']"
251,319,五部iphonexs, , ,iphone,"['O', 'O', 'B-ORG', 'I-ORG', 'I-ORG', 'I-ORG', 'I-ORG', 'E-ORG', 'O', 'O']"
252,320,一个iphonexsmax, , ,iphone,"['O', 'O', 'B-ORG', 'I-ORG', 'I-ORG', 'I-ORG', 'I-ORG', 'E-ORG', 'O', 'O', 'O', 'O', 'O']"
253,321,韩国限制级影片167部, ,韩国, ,"['B-PL', 'E-PL', 'O', 'O', 'O', 'O', 'O', 'O', 'O', 'O', 'O']"
254,322,百度网盘免费满速下载工具, , ,百度,"['B-ORG', 'E-ORG', 'O', 'O', 'O', 'O', 'O', 'O', 'O', 'O', 'O', 'O']"
255,323,求购facebook营销模式, , ,facebook,"['O', 'O', 'B-ORG', 'I-ORG', 'I-ORG', 'I-ORG', 'I-ORG', 'I-ORG', 'I-ORG', 'E-ORG', 'O', 'O', 'O', 'O']"
256,324,国产自拍新疆维族妹子做爱视频6部, ,新疆, ,"['O', 'O', 'O', 'O', 'B-PL', 'E-PL', 'O', 'O', 'O', 'O', 'O', 'O', 'O', 'O', 'O', 'O']"
257,327,移动联通实名卡，可选号段, , ,"移动,联通","['B-ORG', 'E-ORG', 'B-ORG', 'E-ORG', 'O', 'O', 'O', 'O', 'O', 'O', 'O', 'O']"
258,328,卖一个iphonexsmax金色, , ,iphone,"['O', 'O', 'O', 'B-ORG', 'I-ORG', 'I-ORG', 'I-ORG', 'I-ORG', 'E-ORG', 'O', 'O', 'O', 'O', 'O', 'O', 'O']"
259,329,京东闪电退款不退货教程, , ,京东,"['B-ORG', 'E-ORG', 'O', 'O', 'O', 'O', 'O', 'O', 'O', 'O', 'O']"
260,330,企业名录企业法人贵州, ,贵州, ,"['O', 'O', 'O', 'O', 'O', 'O', 'O', 'O', 'B-PL', 'E-PL']"
261,331,【重开贴】淘宝退款不退货教程, , ,淘宝,"['O', 'O', 'O', 'O', 'O', 'B-ORG', 'E-ORG', 'O', 'O', 'O', 'O', 'O', 'O', 'O']"
262,332,新品上架！！！绝对一手淘宝数据, , ,淘宝,"['O', 'O', 'O', 'O', 'O', 'O', 'O', 'O', 'O', 'O', 'O', 'B-ORG', 'E-ORG', 'O', 'O']"
263,333,收btc0.002个，支付宝回款100, , ,支付宝,"['O', 'O', 'O', 'O', 'O', 'O', 'O', 'O', 'O', 'O', 'O', 'B-ORG', 'I-ORG', 'E-ORG', 'O', 'O', 'O', 'O', 'O']"
264,334,中共内部国保培训教材159页, , ,中共,"['B-ORG', 'E-ORG', 'O', 'O', 'O', 'O', 'O', 'O', 'O', 'O', 'O', 'O', 'O', 'O']"
265,335,"出售百家乐刷水软件,永久免费", , ,百家乐,"['O', 'O', 'B-ORG', 'I-ORG', 'E-ORG', 'O', 'O', 'O', 'O', 'O', 'O', 'O', 'O', 'O']"
266,336,一手美国cvv包活, ,美国, ,"['O', 'O', 'B-PL', 'E-PL', 'O', 'O', 'O', 'O', 'O']"
267,337,求购比特币0.001支付宝打款40, , ,支付宝,"['O', 'O', 'O', 'O', 'O', 'O', 'O', 'O', 'O', 'O', 'B-ORG', 'I-ORG', 'E-ORG', 'O', 'O', 'O', 'O']"
268,338,求购比特币0.001微信或支付宝打款45, , ,支付宝,"['O', 'O', 'O', 'O', 'O', 'O', 'O', 'O', 'O', 'O', 'O', 'O', 'O', 'B-ORG', 'I-ORG', 'E-ORG', 'O', 'O', 'O', 'O']"
269,339,2018年电信大楼全景厕拍, , ,电信,"['O', 'O', 'O', 'O', 'O', 'B-ORG', 'E-ORG', 'O', 'O', 'O', 'O', 'O', 'O']"
270,340,出售百度网盘资源搜索和密码查询软件, , ,百度,"['O', 'O', 'B-ORG', 'E-ORG', 'O', 'O', 'O', 'O', 'O', 'O', 'O', 'O', 'O', 'O', 'O', 'O', 'O']"
271,341,深圳美女被迷奸后大玩捆绑, ,深圳, ,"['B-PL', 'E-PL', 'O', 'O', 'O', 'O', 'O', 'O', 'O', 'O', 'O', 'O']"
272,342,腾讯分分彩稳定盈利公式方法, , ,腾讯,"['B-ORG', 'E-ORG', 'O', 'O', 'O', 'O', 'O', 'O', 'O', 'O', 'O', 'O', 'O']"
273,343,收淘宝京东拼多多历史实时订单数据, , ,"京东,淘宝,拼多多","['O', 'B-ORG', 'E-ORG', 'B-ORG', 'E-ORG', 'B-ORG', 'I-ORG', 'E-ORG', 'O', 'O', 'O', 'O', 'O', 'O', 'O', 'O']"
274,344,出售谷歌邮箱1000W以上, , ,谷歌,"['O', 'O', 'B-ORG', 'E-ORG', 'O', 'O', 'O', 'O', 'O', 'O', 'O', 'O', 'O']"
275,345,收购淘宝京东小购物商城数据网贷数据, , ,"京东,淘宝","['O', 'O', 'B-ORG', 'E-ORG', 'B-ORG', 'E-ORG', 'O', 'O', 'O', 'O', 'O', 'O', 'O', 'O', 'O', 'O', 'O']"
276,346,可以提供台湾香港地区代收代发货服务的来, ,"台湾,香港", ,"['O', 'O', 'O', 'O', 'B-PL', 'E-PL', 'B-PL', 'E-PL', 'O', 'O', 'O', 'O', 'O', 'O', 'O', 'O', 'O', 'O', 'O']"
277,348,求购0.01比特币支付宝打款400, , ,支付宝,"['O', 'O', 'O', 'O', 'O', 'O', 'O', 'O', 'O', 'B-ORG', 'I-ORG', 'E-ORG', 'O', 'O', 'O', 'O', 'O']"
278,349,VR资源韩国妹子穿韩服爆乳足交！2G, ,韩国, ,"['O', 'O', 'O', 'O', 'B-PL', 'E-PL', 'O', 'O', 'O', 'O', 'O', 'O', 'O', 'O', 'O', 'O', 'O', 'O']"
279,350,一手韩国网站数据邮箱格式密码, ,韩国, ,"['O', 'O', 'B-PL', 'E-PL', 'O', 'O', 'O', 'O', 'O', 'O', 'O', 'O', 'O', 'O']"
280,351,深圳银行按揭房业主贷, ,深圳,深圳银行,"['B-ORG', 'I-ORG', 'I-ORG', 'E-ORG', 'O', 'O', 'O', 'O', 'O', 'O']"
281,352,高价收淘宝京东网购网贷快递等数据, , ,"京东,淘宝","['O', 'O', 'O', 'B-ORG', 'E-ORG', 'B-ORG', 'E-ORG', 'O', 'O', 'O', 'O', 'O', 'O', 'O', 'O', 'O']"
282,353,出售百度网盘账号，隐私下载从此不成问题, , ,百度,"['O', 'O', 'B-ORG', 'E-ORG', 'O', 'O', 'O', 'O', 'O', 'O', 'O', 'O', 'O', 'O', 'O', 'O', 'O', 'O', 'O']"
283,354,"超低价出酒店开房,淘宝,163等的社工库", , ,淘宝,"['O', 'O', 'O', 'O', 'O', 'O', 'O', 'O', 'O', 'B-ORG', 'E-ORG', 'O', 'O', 'O', 'O', 'O', 'O', 'O', 'O', 'O']"
284,355,浙江千万以上富豪通讯录几十万条, ,浙江, ,"['B-PL', 'E-PL', 'O', 'O', 'O', 'O', 'O', 'O', 'O', 'O', 'O', 'O', 'O', 'O', 'O']"
285,356,求购0.0045，支付宝回200, , ,支付宝,"['O', 'O', 'O', 'O', 'O', 'O', 'O', 'O', 'O', 'B-ORG', 'I-ORG', 'E-ORG', 'O', 'O', 'O', 'O']"
286,358,需要一手台湾库料JCB, ,台湾, ,"['O', 'O', 'O', 'O', 'B-PL', 'E-PL', 'O', 'O', 'O', 'O', 'O']"
287,359,3200条厦门建设银行信用卡审批通过数据, ,厦门,建设,"['O', 'O', 'O', 'O', 'O', 'B-PL', 'E-PL', 'B-ORG', 'E-ORG', 'O', 'O', 'O', 'O', 'O', 'O', 'O', 'O', 'O', 'O', 'O']"
288,360,中国党政军情报机构详解资料, ,中国, ,"['B-PL', 'E-PL', 'O', 'O', 'O', 'O', 'O', 'O', 'O', 'O', 'O', 'O', 'O']"
289,361,售facebook帳號, , ,facebook,"['O', 'B-ORG', 'I-ORG', 'I-ORG', 'I-ORG', 'I-ORG', 'I-ORG', 'I-ORG', 'E-ORG', 'O', 'O']"
290,362,上海各级党政机关单位人员信息100万条, ,上海, ,"['B-PL', 'E-PL', 'O', 'O', 'O', 'O', 'O', 'O', 'O', 'O', 'O', 'O', 'O', 'O', 'O', 'O', 'O', 'O', 'O']"
291,363,机特工备份同步支持所有安卓机器, , ,安卓,"['O', 'O', 'O', 'O', 'O', 'O', 'O', 'O', 'O', 'O', 'O', 'B-ORG', 'E-ORG', 'O', 'O']"
292,365,企业名录华西北区, ,华西北区, ,"['O', 'O', 'O', 'O', 'B-PL', 'I-PL', 'I-PL', 'E-PL']"
293,366,企业名录华西南区, ,华西南区, ,"['O', 'O', 'O', 'O', 'B-PL', 'I-PL', 'I-PL', 'E-PL']"
294,367,求购比特币0.05支付宝打款2000, , ,支付宝,"['O', 'O', 'O', 'O', 'O', 'O', 'O', 'O', 'O', 'B-ORG', 'I-ORG', 'E-ORG', 'O', 'O', 'O', 'O', 'O', 'O']"
295,368,求购比特币0.03支付宝打款1200, , ,支付宝,"['O', 'O', 'O', 'O', 'O', 'O', 'O', 'O', 'O', 'B-ORG', 'I-ORG', 'E-ORG', 'O', 'O', 'O', 'O', 'O', 'O']"
296,369,求购比特币0.02支付宝打款800, , ,支付宝,"['O', 'O', 'O', 'O', 'O', 'O', 'O', 'O', 'O', 'B-ORG', 'I-ORG', 'E-ORG', 'O', 'O', 'O', 'O', 'O']"
297,370,求购微信和支付宝商户号, , ,支付宝,"['O', 'O', 'O', 'O', 'O', 'B-ORG', 'I-ORG', 'E-ORG', 'O', 'O', 'O']"
298,371,收0.002btc支付宝回款50, , ,支付宝,"['O', 'O', 'O', 'O', 'O', 'O', 'O', 'O', 'O', 'B-ORG', 'I-ORG', 'E-ORG', 'O', 'O', 'O', 'O']"
299,373,出一个iphonexsmax256, , ,iphone,"['O', 'O', 'O', 'B-ORG', 'I-ORG', 'I-ORG', 'I-ORG', 'I-ORG', 'E-ORG', 'O', 'O', 'O', 'O', 'O', 'O', 'O', 'O']"
300,374,苹果iphonexsmax低价出售, , ,iphone,"['O', 'O', 'B-ORG', 'I-ORG', 'I-ORG', 'I-ORG', 'I-ORG', 'E-ORG', 'O', 'O', 'O', 'O', 'O', 'O', 'O', 'O', 'O']"
301,375,出贷款淘宝数据持续更新, , ,淘宝,"['O', 'O', 'O', 'B-ORG', 'E-ORG', 'O', 'O', 'O', 'O', 'O', 'O']"
302,376,特价活动17年顺丰3亿条快递物特价, , ,顺丰,"['O', 'O', 'O', 'O', 'O', 'O', 'O', 'B-ORG', 'E-ORG', 'O', 'O', 'O', 'O', 'O', 'O', 'O', 'O']"
303,377,全国联通营业厅数据7W, , ,联通,"['O', 'O', 'B-ORG', 'E-ORG', 'O', 'O', 'O', 'O', 'O', 'O', 'O']"
304,378,VIP迅雷VIP百度网盘另送看搜索工具, , ,"迅雷,百度","['O', 'O', 'O', 'B-ORG', 'E-ORG', 'O', 'O', 'O', 'B-ORG', 'E-ORG', 'O', 'O', 'O', 'O', 'O', 'O', 'O', 'O', 'O']"
305,379,真正的苍井空无码！无码！无码种子,苍井空, , ,"['O', 'O', 'O', 'B-PER', 'I-PER', 'E-PER', 'O', 'O', 'O', 'O', 'O', 'O', 'O', 'O', 'O', 'O']"
306,380,柳州莫菁门女主风韵犹存身材极品看了流鼻血, ,柳州, ,"['B-PL', 'E-PL', 'O', 'O', 'O', 'O', 'O', 'O', 'O', 'O', 'O', 'O', 'O', 'O', 'O', 'O', 'O', 'O', 'O', 'O']"
307,381,各种迅雷种子，H软件，黄游, , ,迅雷,"['O', 'O', 'B-ORG', 'E-ORG', 'O', 'O', 'O', 'O', 'O', 'O', 'O', 'O', 'O']"
308,382,高价求购厦门一手业主车主数据, ,厦门, ,"['O', 'O', 'O', 'O', 'B-PL', 'E-PL', 'O', 'O', 'O', 'O', 'O', 'O', 'O', 'O']"
309,384,企业名录华东南, ,华东南, ,"['O', 'O', 'O', 'O', 'B-PL', 'I-PL', 'E-PL']"
310,388,出售美国区AppleID账号密码, ,美国, ,"['O', 'O', 'B-PL', 'E-PL', 'O', 'O', 'O', 'O', 'O', 'O', 'O', 'O', 'O', 'O', 'O', 'O']"
311,389,企业支付宝V2支付宝出售企业主体, , ,支付宝,"['O', 'O', 'B-ORG', 'I-ORG', 'E-ORG', 'O', 'O', 'B-ORG', 'I-ORG', 'E-ORG', 'O', 'O', 'O', 'O', 'O', 'O']"
312,390,上海大学生桑梦珍色情视频, ,上海,桑梦珍,"['B-PL', 'E-PL', 'O', 'O', 'O', 'B-ORG', 'I-ORG', 'E-ORG', 'O', 'O', 'O', 'O']"
313,391,东南亚白胖子系列2小时40分完整原版, ,东南亚, ,"['B-PL', 'I-PL', 'E-PL', 'O', 'O', 'O', 'O', 'O', 'O', 'O', 'O', 'O', 'O', 'O', 'O', 'O', 'O', 'O']"
314,393,"实名联通卡，13,15号段，带50费", , ,联通,"['O', 'O', 'B-ORG', 'E-ORG', 'O', 'O', 'O', 'O', 'O', 'O', 'O', 'O', 'O', 'O', 'O', 'O', 'O', 'O']"
315,394,收一段网页安卓植马代码, , ,安卓,"['O', 'O', 'O', 'O', 'O', 'B-ORG', 'E-ORG', 'O', 'O', 'O', 'O']"
316,395,自动发货韩国游戏论坛站用户数据58万, ,韩国, ,"['O', 'O', 'O', 'O', 'B-PL', 'E-PL', 'O', 'O', 'O', 'O', 'O', 'O', 'O', 'O', 'O', 'O', 'O', 'O']"
317,396,800w成都本地数据, ,成都, ,"['O', 'O', 'O', 'O', 'B-PL', 'E-PL', 'O', 'O', 'O', 'O']"
318,398,明星脸酷似迪丽热巴，双飞姐俩抢J8吃,迪丽热巴, , ,"['O', 'O', 'O', 'O', 'O', 'B-PER', 'I-PER', 'I-PER', 'E-PER', 'O', 'O', 'O', 'O', 'O', 'O', 'O', 'O', 'O']"
319,399,最新台湾空军7X7联队海外流出版204P, ,台湾, ,"['O', 'O', 'B-PL', 'E-PL', 'O', 'O', 'O', 'O', 'O', 'O', 'O', 'O', 'O', 'O', 'O', 'O', 'O', 'O', 'O', 'O']"
320,400,收二手淘宝订单数，超大量需求, , ,淘宝,"['O', 'O', 'O', 'B-ORG', 'E-ORG', 'O', 'O', 'O', 'O', 'O', 'O', 'O', 'O', 'O']"
321,401,Joker出售企业支付宝主号, , ,支付宝,"['O', 'O', 'O', 'O', 'O', 'O', 'O', 'O', 'O', 'B-ORG', 'I-ORG', 'E-ORG', 'O', 'O']"
322,402,成都天使之翼整形医院客户数据12280条, ,成都,天使之翼,"['B-PL', 'E-PL', 'B-ORG', 'I-ORG', 'I-ORG', 'E-ORG', 'O', 'O', 'O', 'O', 'O', 'O', 'O', 'O', 'O', 'O', 'O', 'O', 'O', 'O']"
323,403,190万上海市中共党员信息, ,上海,中共,"['O', 'O', 'O', 'O', 'B-PL', 'E-PL', 'O', 'B-ORG', 'E-ORG', 'O', 'O', 'O', 'O']"
324,404,北京上海嫖娼论坛地址，有照片, ,"上海,北京", ,"['B-PL', 'E-PL', 'B-PL', 'E-PL', 'O', 'O', 'O', 'O', 'O', 'O', 'O', 'O', 'O', 'O']"
325,406,求比特币0.0078，支付宝回340, , ,支付宝,"['O', 'O', 'O', 'O', 'O', 'O', 'O', 'O', 'O', 'O', 'O', 'B-ORG', 'I-ORG', 'E-ORG', 'O', 'O', 'O', 'O']"
326,407,广东中孚泰内部通讯录自动发货, ,广东,中孚泰,"['B-PL', 'E-PL', 'B-ORG', 'I-ORG', 'E-ORG', 'O', 'O', 'O', 'O', 'O', 'O', 'O', 'O', 'O']"
327,409,日本超高质量AV视频黑丝情趣内衣诱惑, ,日本, ,"['B-PL', 'E-PL', 'O', 'O', 'O', 'O', 'O', 'O', 'O', 'O', 'O', 'O', 'O', 'O', 'O', 'O', 'O', 'O']"
328,410,求购湖北黄石初中高中家长地址电话数据, ,"湖北,黄石", ,"['O', 'O', 'B-PL', 'E-PL', 'B-PL', 'E-PL', 'O', 'O', 'O', 'O', 'O', 'O', 'O', 'O', 'O', 'O', 'O', 'O']"
329,412,中国式家长破解版宝宝必须系统, ,中国, ,"['B-PL', 'E-PL', 'O', 'O', 'O', 'O', 'O', 'O', 'O', 'O', 'O', 'O', 'O', 'O']"
330,413,安卓版VIP浏览器APP, , ,安卓,"['B-ORG', 'E-ORG', 'O', 'O', 'O', 'O', 'O', 'O', 'O', 'O', 'O', 'O']"
331,414,出一手台湾库料只有台湾的其他没有, ,台湾, ,"['O', 'O', 'O', 'B-PL', 'E-PL', 'O', 'O', 'O', 'O', 'B-PL', 'E-PL', 'O', 'O', 'O', 'O', 'O']"
332,416,上海34个基金行业通讯录自动发货, ,上海, ,"['B-PL', 'E-PL', 'O', 'O', 'O', 'O', 'O', 'O', 'O', 'O', 'O', 'O', 'O', 'O', 'O', 'O']"
333,417,求比特币0.009，支付宝回390, , ,支付宝,"['O', 'O', 'O', 'O', 'O', 'O', 'O', 'O', 'O', 'O', 'B-ORG', 'I-ORG', 'E-ORG', 'O', 'O', 'O', 'O']"
334,419,求大连市每个月房产局下新房数据, ,大连市, ,"['O', 'B-PL', 'I-PL', 'E-PL', 'O', 'O', 'O', 'O', 'O', 'O', 'O', 'O', 'O', 'O', 'O']"
335,421,台湾版特警战术技巧手册, ,台湾, ,"['B-PL', 'E-PL', 'O', 'O', 'O', 'O', 'O', 'O', 'O', 'O', 'O']"
336,422,企业名录华中东！, ,华中东, ,"['O', 'O', 'O', 'O', 'B-PL', 'I-PL', 'E-PL', 'O']"
337,424,一个iphonexsmax512g, , ,iphone,"['O', 'O', 'B-ORG', 'I-ORG', 'I-ORG', 'I-ORG', 'I-ORG', 'E-ORG', 'O', 'O', 'O', 'O', 'O', 'O', 'O', 'O', 'O']"
338,425,收购淘宝客QQ微信推广的工具和教程, , ,淘宝,"['O', 'O', 'B-ORG', 'E-ORG', 'O', 'O', 'O', 'O', 'O', 'O', 'O', 'O', 'O', 'O', 'O', 'O', 'O']"
339,427,目前有一套中国银行四件套, ,中国,中国银行,"['O', 'O', 'O', 'O', 'O', 'B-ORG', 'I-ORG', 'I-ORG', 'E-ORG', 'O', 'O', 'O']"
340,428,收0.002btc支付宝回款80, , ,支付宝,"['O', 'O', 'O', 'O', 'O', 'O', 'O', 'O', 'O', 'B-ORG', 'I-ORG', 'E-ORG', 'O', 'O', 'O', 'O']"
341,429,出一手台湾购物订单信息, ,台湾, ,"['O', 'O', 'O', 'B-PL', 'E-PL', 'O', 'O', 'O', 'O', 'O', 'O']"
342,430,收0.0025，支付宝回100, , ,支付宝,"['O', 'O', 'O', 'O', 'O', 'O', 'O', 'O', 'B-ORG', 'I-ORG', 'E-ORG', 'O', 'O', 'O', 'O']"
343,431,安卓以及ios进入暗网方法，简单秒懂, , ,安卓,"['B-ORG', 'E-ORG', 'O', 'O', 'O', 'O', 'O', 'O', 'O', 'O', 'O', 'O', 'O', 'O', 'O', 'O', 'O', 'O']"
344,432,淘宝2500万用户邮箱数据库完整版, , ,淘宝,"['B-ORG', 'E-ORG', 'O', 'O', 'O', 'O', 'O', 'O', 'O', 'O', 'O', 'O', 'O', 'O', 'O', 'O', 'O']"
345,433,出售AG真人百家乐刷水教程, , ,百家乐,"['O', 'O', 'O', 'O', 'O', 'O', 'B-ORG', 'I-ORG', 'E-ORG', 'O', 'O', 'O', 'O']"
346,434,上海美罗城厕所高清偷拍30部12.3G, ,上海,美罗城,"['B-PL', 'E-PL', 'B-ORG', 'I-ORG', 'E-ORG', 'O', 'O', 'O', 'O', 'O', 'O', 'O', 'O', 'O', 'O', 'O', 'O', 'O', 'O']"
347,435,出售AG真人视讯百家乐刷水教程, , ,百家乐,"['O', 'O', 'O', 'O', 'O', 'O', 'O', 'O', 'B-ORG', 'I-ORG', 'E-ORG', 'O', 'O', 'O', 'O']"
348,436,低价出移动数据购物数据刚脱的还热乎, , ,移动,"['O', 'O', 'O', 'B-ORG', 'E-ORG', 'O', 'O', 'O', 'O', 'O', 'O', 'O', 'O', 'O', 'O', 'O', 'O']"
349,437,最新版安卓远控入侵工具, , ,安卓,"['O', 'O', 'O', 'B-ORG', 'E-ORG', 'O', 'O', 'O', 'O', 'O', 'O']"
350,439,5T大容量永久微软云盘账号，下载不限速, , ,微软云盘,"['O', 'O', 'O', 'O', 'O', 'O', 'O', 'B-ORG', 'I-ORG', 'I-ORG', 'E-ORG', 'O', 'O', 'O', 'O', 'O', 'O', 'O', 'O']"
351,440,学信网认证，美国各大名校均可，真实可靠, ,美国,学信网,"['B-ORG', 'I-ORG', 'E-ORG', 'O', 'O', 'O', 'B-PL', 'E-PL', 'O', 'O', 'O', 'O', 'O', 'O', 'O', 'O', 'O', 'O', 'O']"
352,441,做嗅探采集需要查建设银行看过来, , ,建设,"['O', 'O', 'O', 'O', 'O', 'O', 'O', 'O', 'B-ORG', 'E-ORG', 'O', 'O', 'O', 'O', 'O']"
353,444,网易163邮箱账号密码26.7G, , ,网易,"['B-ORG', 'E-ORG', 'O', 'O', 'O', 'O', 'O', 'O', 'O', 'O', 'O', 'O', 'O', 'O', 'O', 'O']"
354,445,求购台湾网购资料旅行社资料等, ,台湾, ,"['O', 'O', 'B-PL', 'E-PL', 'O', 'O', 'O', 'O', 'O', 'O', 'O', 'O', 'O', 'O']"
355,446,手把手教你淘宝打假，语音教, , ,淘宝,"['O', 'O', 'O', 'O', 'O', 'B-ORG', 'E-ORG', 'O', 'O', 'O', 'O', 'O', 'O']"
356,448,提供真实美国英国等国家护照, ,"美国,英国", ,"['O', 'O', 'O', 'O', 'B-PL', 'E-PL', 'B-PL', 'E-PL', 'O', 'O', 'O', 'O', 'O']"
357,450,安卓最强大渗透软件0.0011btc, , ,安卓,"['B-ORG', 'E-ORG', 'O', 'O', 'O', 'O', 'O', 'O', 'O', 'O', 'O', 'O', 'O', 'O', 'O', 'O', 'O', 'O']"
358,451,最新版安卓木马远控入侵工具, , ,安卓,"['O', 'O', 'O', 'B-ORG', 'E-ORG', 'O', 'O', 'O', 'O', 'O', 'O', 'O', 'O']"
359,452,本人工商银行卡冻结20万元!求解卡！, , ,工商,"['O', 'O', 'B-ORG', 'E-ORG', 'O', 'O', 'O', 'O', 'O', 'O', 'O', 'O', 'O', 'O', 'O', 'O', 'O', 'O']"
360,453,0.061BTC招商银行专拍, , ,招商,"['O', 'O', 'O', 'O', 'O', 'O', 'O', 'O', 'B-ORG', 'E-ORG', 'O', 'O', 'O', 'O']"
361,454,欧美酒吧群趴，高清73G近百部, ,欧美, ,"['B-PL', 'E-PL', 'O', 'O', 'O', 'O', 'O', 'O', 'O', 'O', 'O', 'O', 'O', 'O', 'O']"
362,456,"出一手美国免验证cvv,不活免费换", ,美国, ,"['O', 'O', 'O', 'B-PL', 'E-PL', 'O', 'O', 'O', 'O', 'O', 'O', 'O', 'O', 'O', 'O', 'O', 'O']"
363,457,教几个徒弟日本刷货，学会出货后再给钱, ,日本, ,"['O', 'O', 'O', 'O', 'O', 'B-PL', 'E-PL', 'O', 'O', 'O', 'O', 'O', 'O', 'O', 'O', 'O', 'O', 'O']"
364,458,"ios,安卓，系统上暗网，送vpn", , ,安卓,"['O', 'O', 'O', 'O', 'B-ORG', 'E-ORG', 'O', 'O', 'O', 'O', 'O', 'O', 'O', 'O', 'O', 'O', 'O']"
365,459,出售台湾军事情报资料, ,台湾, ,"['O', 'O', 'B-PL', 'E-PL', 'O', 'O', 'O', 'O', 'O', 'O']"
366,460,出加拿大cvv自己钓的一手料包活, ,加拿大, ,"['O', 'B-PL', 'I-PL', 'E-PL', 'O', 'O', 'O', 'O', 'O', 'O', 'O', 'O', 'O', 'O', 'O', 'O']"
367,461,万科集团通讯录自动发货, , ,万科,"['B-ORG', 'E-ORG', 'O', 'O', 'O', 'O', 'O', 'O', 'O', 'O', 'O']"
368,462,上海1W个小姐联系方式实测, ,上海, ,"['B-PL', 'E-PL', 'O', 'O', 'O', 'O', 'O', 'O', 'O', 'O', 'O', 'O', 'O']"
369,463,专业淘宝打假，手把手教，语音指导。, , ,淘宝,"['O', 'O', 'B-ORG', 'E-ORG', 'O', 'O', 'O', 'O', 'O', 'O', 'O', 'O', 'O', 'O', 'O', 'O', 'O']"
370,464,电话短信轰炸机，只有安卓网页电脑端, , ,安卓,"['O', 'O', 'O', 'O', 'O', 'O', 'O', 'O', 'O', 'O', 'B-ORG', 'E-ORG', 'O', 'O', 'O', 'O', 'O']"
371,465,收购台湾优质数据欢迎大量黑客大神合作, ,台湾, ,"['O', 'O', 'B-PL', 'E-PL', 'O', 'O', 'O', 'O', 'O', 'O', 'O', 'O', 'O', 'O', 'O', 'O', 'O', 'O']"
372,467,中兴公司通信录2万多条信息, , ,中兴公司,"['B-ORG', 'I-ORG', 'I-ORG', 'E-ORG', 'O', 'O', 'O', 'O', 'O', 'O', 'O', 'O', 'O']"
373,468,京东一万条数据，都是人才！！！, , ,京东,"['B-ORG', 'E-ORG', 'O', 'O', 'O', 'O', 'O', 'O', 'O', 'O', 'O', 'O', 'O', 'O', 'O']"
374,470,誠意收購湖北，雲南一手女性數據, ,"雲南,湖北", ,"['O', 'O', 'O', 'O', 'B-PL', 'E-PL', 'O', 'B-PL', 'E-PL', 'O', 'O', 'O', 'O', 'O', 'O']"
375,471,拿一个人的信息，提供支付宝收款码，QQ号, , ,支付宝,"['O', 'O', 'O', 'O', 'O', 'O', 'O', 'O', 'O', 'O', 'B-ORG', 'I-ORG', 'E-ORG', 'O', 'O', 'O', 'O', 'O', 'O', 'O']"
376,473,搜狗浏览器搜索记录500W，低价甩, , ,搜狗,"['B-ORG', 'E-ORG', 'O', 'O', 'O', 'O', 'O', 'O', 'O', 'O', 'O', 'O', 'O', 'O', 'O', 'O', 'O']"
377,474,改价重发英国亚马逊礼品卡！, ,英国,亚马逊,"['O', 'O', 'O', 'O', 'B-PL', 'E-PL', 'B-ORG', 'I-ORG', 'E-ORG', 'O', 'O', 'O', 'O']"
378,475,台湾香港消费过的ID要账号密码, ,"台湾,香港", ,"['B-PL', 'E-PL', 'B-PL', 'E-PL', 'O', 'O', 'O', 'O', 'O', 'O', 'O', 'O', 'O', 'O', 'O']"
379,476,百度网盘的破解版亲测可用, , ,百度,"['B-ORG', 'E-ORG', 'O', 'O', 'O', 'O', 'O', 'O', 'O', 'O', 'O', 'O']"
380,477,求购淘宝或者宝妈女性购物数据, , ,淘宝,"['O', 'O', 'B-ORG', 'E-ORG', 'O', 'O', 'O', 'O', 'O', 'O', 'O', 'O', 'O', 'O']"
381,478,出售安卓短信拦截源码, , ,安卓,"['O', 'O', 'B-ORG', 'E-ORG', 'O', 'O', 'O', 'O', 'O', 'O']"
382,479,百度云盘不限速下载自动发货, , ,百度,"['B-ORG', 'E-ORG', 'O', 'O', 'O', 'O', 'O', 'O', 'O', 'O', 'O', 'O', 'O']"
383,480,柬埔寨绿巨人狗推广卖数据, ,柬埔寨, ,"['B-PL', 'I-PL', 'E-PL', 'O', 'O', 'O', 'O', 'O', 'O', 'O', 'O', 'O']"
384,481,提供手机号查顺丰快递单, , ,顺丰,"['O', 'O', 'O', 'O', 'O', 'O', 'B-ORG', 'E-ORG', 'O', 'O', 'O']"
385,482,求购比特币0.022支付宝打款100, , ,支付宝,"['O', 'O', 'O', 'O', 'O', 'O', 'O', 'O', 'O', 'O', 'B-ORG', 'I-ORG', 'E-ORG', 'O', 'O', 'O', 'O', 'O']"
386,483,求购比特币0.0022支付宝打款100, , ,支付宝,"['O', 'O', 'O', 'O', 'O', 'O', 'O', 'O', 'O', 'O', 'O', 'B-ORG', 'I-ORG', 'E-ORG', 'O', 'O', 'O', 'O', 'O']"
387,484,"求购比特币0.0055,支付宝回款220", , ,支付宝,"['O', 'O', 'O', 'O', 'O', 'O', 'O', 'O', 'O', 'O', 'O', 'O', 'B-ORG', 'I-ORG', 'E-ORG', 'O', 'O', 'O', 'O', 'O']"
388,485,朝鲜最新武器试验情报, ,朝鲜, ,"['B-PL', 'E-PL', 'O', 'O', 'O', 'O', 'O', 'O', 'O', 'O']"
389,486,求购澳门料有的私信, ,澳门, ,"['O', 'O', 'B-PL', 'E-PL', 'O', 'O', 'O', 'O', 'O']"
390,487,腾讯大王卡已经实名认证，140一张, , ,腾讯,"['B-ORG', 'E-ORG', 'O', 'O', 'O', 'O', 'O', 'O', 'O', 'O', 'O', 'O', 'O', 'O', 'O', 'O', 'O']"
391,488,世界级浪女帕丽斯希尔顿和前男友做爱视频, , ,希尔顿,"['O', 'O', 'O', 'O', 'O', 'O', 'O', 'O', 'B-ORG', 'I-ORG', 'E-ORG', 'O', 'O', 'O', 'O', 'O', 'O', 'O', 'O']"
392,490,上海职业能力考试院网站考试报名信息提取, ,上海, ,"['B-PL', 'E-PL', 'O', 'O', 'O', 'O', 'O', 'O', 'O', 'O', 'O', 'O', 'O', 'O', 'O', 'O', 'O', 'O', 'O']"
393,491,安卓翻墙软件专业破解版安卓上暗网教程, , ,安卓,"['B-ORG', 'E-ORG', 'O', 'O', 'O', 'O', 'O', 'O', 'O', 'O', 'O', 'B-ORG', 'E-ORG', 'O', 'O', 'O', 'O', 'O']"
394,492,【666】上海考试院网站报名信息提取, ,上海, ,"['O', 'O', 'O', 'O', 'O', 'B-PL', 'E-PL', 'O', 'O', 'O', 'O', 'O', 'O', 'O', 'O', 'O', 'O', 'O']"
395,493,求购湖北省的家长资源, ,湖北, ,"['O', 'O', 'B-PL', 'E-PL', 'O', 'O', 'O', 'O', 'O', 'O']"
396,494,京东一元撸羊毛教程自动发货, , ,京东,"['B-ORG', 'E-ORG', 'O', 'O', 'O', 'O', 'O', 'O', 'O', 'O', 'O', 'O', 'O']"
397,495,淘宝店230万卖家联系方式, , ,淘宝,"['B-ORG', 'E-ORG', 'O', 'O', 'O', 'O', 'O', 'O', 'O', 'O', 'O', 'O', 'O']"
398,496,卫生部医学研究院数据库, , ,卫生部医学研究院,"['B-ORG', 'I-ORG', 'I-ORG', 'I-ORG', 'I-ORG', 'I-ORG', 'I-ORG', 'E-ORG', 'O', 'O', 'O']"
399,497,安卓炒鸡好用的变声软件, , ,安卓,"['B-ORG', 'E-ORG', 'O', 'O', 'O', 'O', 'O', 'O', 'O', 'O', 'O']"
400,498,求比特币0.0063，支付宝回200, , ,支付宝,"['O', 'O', 'O', 'O', 'O', 'O', 'O', 'O', 'O', 'O', 'O', 'B-ORG', 'I-ORG', 'E-ORG', 'O', 'O', 'O', 'O']"
401,499,求购湖北全省家长信息资源, ,湖北, ,"['O', 'O', 'B-PL', 'E-PL', 'O', 'O', 'O', 'O', 'O', 'O', 'O', 'O']"
402,500,日本真人性爱教学视频柔软性爱, ,日本, ,"['B-PL', 'E-PL', 'O', 'O', 'O', 'O', 'O', 'O', 'O', 'O', 'O', 'O', 'O', 'O']"
403,501,京东7万多条账号密码, , ,京东,"['B-ORG', 'E-ORG', 'O', 'O', 'O', 'O', 'O', 'O', 'O', 'O']"
404,503,迅雷X版10级vip满速下载自动发货, , ,迅雷,"['B-ORG', 'E-ORG', 'O', 'O', 'O', 'O', 'O', 'O', 'O', 'O', 'O', 'O', 'O', 'O', 'O', 'O', 'O', 'O']"
405,504,百度云泄密131部最全，质量相当棒, , ,百度云,"['B-ORG', 'I-ORG', 'E-ORG', 'O', 'O', 'O', 'O', 'O', 'O', 'O', 'O', 'O', 'O', 'O', 'O', 'O', 'O']"
406,505,9月份广州华夏贷款数据3994条, ,广州,华夏,"['O', 'O', 'O', 'B-PL', 'E-PL', 'B-ORG', 'E-ORG', 'O', 'O', 'O', 'O', 'O', 'O', 'O', 'O', 'O']"
407,506,求购站内0.0008比特币支付宝回款, , ,支付宝,"['O', 'O', 'O', 'O', 'O', 'O', 'O', 'O', 'O', 'O', 'O', 'O', 'O', 'B-ORG', 'I-ORG', 'E-ORG', 'O', 'O']"
408,507,求购iphonexrmax, , ,iphone,"['O', 'O', 'B-ORG', 'I-ORG', 'I-ORG', 'I-ORG', 'I-ORG', 'E-ORG', 'O', 'O', 'O', 'O', 'O']"
409,508,求0.0067，支付宝回200, , ,支付宝,"['O', 'O', 'O', 'O', 'O', 'O', 'O', 'O', 'B-ORG', 'I-ORG', 'E-ORG', 'O', 'O', 'O', 'O']"
410,509,求购湖北省全省学校家长资源, ,湖北, ,"['O', 'O', 'B-PL', 'E-PL', 'O', 'O', 'O', 'O', 'O', 'O', 'O', 'O', 'O']"
411,510,求购比特币0.0002支付宝汇款vx, , ,支付宝,"['O', 'O', 'O', 'O', 'O', 'O', 'O', 'O', 'O', 'O', 'O', 'B-ORG', 'I-ORG', 'E-ORG', 'O', 'O', 'O', 'O']"
412,511,美国护照，模版账单模版便宜出, ,美国, ,"['B-PL', 'E-PL', 'O', 'O', 'O', 'O', 'O', 'O', 'O', 'O', 'O', 'O', 'O', 'O']"
413,512,低价出售淘宝店铺店主联系方式, , ,淘宝,"['O', 'O', 'O', 'O', 'B-ORG', 'E-ORG', 'O', 'O', 'O', 'O', 'O', 'O', 'O', 'O']"
414,513,英国护照照片60张打包出, ,英国, ,"['B-PL', 'E-PL', 'O', 'O', 'O', 'O', 'O', 'O', 'O', 'O', 'O', 'O']"
415,514,十张韩国，五张印尼护照打包出, ,"韩国,印尼", ,"['O', 'O', 'B-PL', 'E-PL', 'O', 'O', 'O', 'B-PL', 'E-PL', 'O', 'O', 'O', 'O', 'O']"
416,515,五套美国驾照正反面，便宜打包出, ,美国, ,"['O', 'O', 'B-PL', 'E-PL', 'O', 'O', 'O', 'O', 'O', 'O', 'O', 'O', 'O', 'O', 'O']"
417,517,求购surfacebook2，15寸, , ,surfacebook,"['O', 'O', 'B-ORG', 'I-ORG', 'I-ORG', 'I-ORG', 'I-ORG', 'I-ORG', 'I-ORG', 'I-ORG', 'I-ORG', 'I-ORG', 'E-ORG', 'O', 'O', 'O', 'O', 'O']"
418,518,打包出美国驾照，正反面八套, ,美国, ,"['O', 'O', 'O', 'B-PL', 'E-PL', 'O', 'O', 'O', 'O', 'O', 'O', 'O', 'O']"
419,521,安卓免杀木马获取验证码合作也行, , ,安卓,"['B-ORG', 'E-ORG', 'O', 'O', 'O', 'O', 'O', 'O', 'O', 'O', 'O', 'O', 'O', 'O', 'O']"
420,524,重开支付宝汇率65100, , ,支付宝,"['O', 'O', 'B-ORG', 'I-ORG', 'E-ORG', 'O', 'O', 'O', 'O', 'O', 'O', 'O']"
421,525,线下实名制手机卡，移动联通电信均可, , ,"联通,移动,电信","['O', 'O', 'O', 'O', 'O', 'O', 'O', 'O', 'O', 'B-ORG', 'E-ORG', 'B-ORG', 'E-ORG', 'B-ORG', 'E-ORG', 'O', 'O']"
422,526,打包出7套香港身份证正反，加手持, ,香港, ,"['O', 'O', 'O', 'O', 'O', 'B-PL', 'E-PL', 'O', 'O', 'O', 'O', 'O', 'O', 'O', 'O', 'O']"
423,527,江苏省中学教师老师手机号码名录4864条, ,江苏, ,"['B-PL', 'E-PL', 'O', 'O', 'O', 'O', 'O', 'O', 'O', 'O', 'O', 'O', 'O', 'O', 'O', 'O', 'O', 'O', 'O', 'O']"
424,528,江疏影视频杨幂迷奸视频,"杨幂,江疏影", , ,"['B-PER', 'I-PER', 'E-PER', 'O', 'O', 'B-PER', 'E-PER', 'O', 'O', 'O', 'O']"
425,529,收购0.001btc支付宝45, , ,支付宝,"['O', 'O', 'O', 'O', 'O', 'O', 'O', 'O', 'O', 'O', 'B-ORG', 'I-ORG', 'E-ORG', 'O', 'O']"
426,530,安卓破解版翻墙VPN梯子速度美气嘎嘎, , ,安卓,"['B-ORG', 'E-ORG', 'O', 'O', 'O', 'O', 'O', 'O', 'O', 'O', 'O', 'O', 'O', 'O', 'O', 'O', 'O', 'O']"
427,533,10套英国手持护照，加账单, ,英国, ,"['O', 'O', 'O', 'B-PL', 'E-PL', 'O', 'O', 'O', 'O', 'O', 'O', 'O', 'O']"
428,535,出iphonexsmax, , ,iphone,"['O', 'B-ORG', 'I-ORG', 'I-ORG', 'I-ORG', 'I-ORG', 'E-ORG', 'O', 'O', 'O', 'O', 'O']"
429,537,194万德国邮箱明文密码, ,德国, ,"['O', 'O', 'O', 'O', 'B-PL', 'E-PL', 'O', 'O', 'O', 'O', 'O', 'O']"
430,539,寻香港地区Carding货物接货销售, ,香港, ,"['O', 'B-PL', 'E-PL', 'O', 'O', 'O', 'O', 'O', 'O', 'O', 'O', 'O', 'O', 'O', 'O', 'O', 'O', 'O']"
431,542,大量收购中国女性数据库, ,中国, ,"['O', 'O', 'O', 'O', 'B-PL', 'E-PL', 'O', 'O', 'O', 'O', 'O']"
432,543,香港迪士尼电子门票票价6折，拍前先咨询, ,香港,迪士尼,"['B-PL', 'E-PL', 'B-ORG', 'I-ORG', 'E-ORG', 'O', 'O', 'O', 'O', 'O', 'O', 'O', 'O', 'O', 'O', 'O', 'O', 'O', 'O']"
433,544,京东拆单0成本撸商品实战教程自动发货, , ,京东,"['B-ORG', 'E-ORG', 'O', 'O', 'O', 'O', 'O', 'O', 'O', 'O', 'O', 'O', 'O', 'O', 'O', 'O', 'O', 'O']"
434,545,出售淘宝十月份女装数据, , ,淘宝,"['O', 'O', 'B-ORG', 'E-ORG', 'O', 'O', 'O', 'O', 'O', 'O', 'O']"
435,546,网易邮箱明文密码100万条低价处理, , ,网易,"['B-ORG', 'E-ORG', 'O', 'O', 'O', 'O', 'O', 'O', 'O', 'O', 'O', 'O', 'O', 'O', 'O', 'O', 'O']"
436,547,网易邮箱365万数据低价处理, , ,网易,"['B-ORG', 'E-ORG', 'O', 'O', 'O', 'O', 'O', 'O', 'O', 'O', 'O', 'O', 'O', 'O']"
437,548,低价出售美团100退款, , ,美团,"['O', 'O', 'O', 'O', 'B-ORG', 'E-ORG', 'O', 'O', 'O', 'O', 'O']"
438,549,出个破解版不限速不嫌敏迅雷满血百度云, , ,"迅雷,百度云","['O', 'O', 'O', 'O', 'O', 'O', 'O', 'O', 'O', 'O', 'O', 'B-ORG', 'E-ORG', 'O', 'O', 'B-ORG', 'I-ORG', 'E-ORG']"
439,550,收购京东商城高级魔镜账户, , ,京东,"['O', 'O', 'B-ORG', 'E-ORG', 'O', 'O', 'O', 'O', 'O', 'O', 'O', 'O']"
440,551,出售淘宝订单数据整店数据, , ,淘宝,"['O', 'O', 'B-ORG', 'E-ORG', 'O', 'O', 'O', 'O', 'O', 'O', 'O', 'O']"
441,552,美团退款教程百分百成功自动发货, , ,美团,"['B-ORG', 'E-ORG', 'O', 'O', 'O', 'O', 'O', 'O', 'O', 'O', 'O', 'O', 'O', 'O', 'O']"
442,553,网易邮箱1.5亿条明文低价撞库必备, , ,网易,"['B-ORG', 'E-ORG', 'O', 'O', 'O', 'O', 'O', 'O', 'O', 'O', 'O', 'O', 'O', 'O', 'O', 'O', 'O']"
443,554,网易邮箱1100万明文低价处理, , ,网易,"['B-ORG', 'E-ORG', 'O', 'O', 'O', 'O', 'O', 'O', 'O', 'O', 'O', 'O', 'O', 'O', 'O']"
444,555,"求购比特币,0.02支付宝打款900", , ,支付宝,"['O', 'O', 'O', 'O', 'O', 'O', 'O', 'O', 'O', 'O', 'B-ORG', 'I-ORG', 'E-ORG', 'O', 'O', 'O', 'O', 'O']"
445,556,557349英国料有的进, ,英国, ,"['O', 'O', 'O', 'O', 'O', 'O', 'B-PL', 'E-PL', 'O', 'O', 'O', 'O']"
446,557,浙江学籍初高中小学姓名家长手机学校, ,浙江, ,"['B-PL', 'E-PL', 'O', 'O', 'O', 'O', 'O', 'O', 'O', 'O', 'O', 'O', 'O', 'O', 'O', 'O', 'O']"
447,558,出一个不用自己支付宝银行卡的收款方法, , ,支付宝,"['O', 'O', 'O', 'O', 'O', 'O', 'O', 'B-ORG', 'I-ORG', 'E-ORG', 'O', 'O', 'O', 'O', 'O', 'O', 'O', 'O']"
448,560,求购btb0.001微信支付宝回款，谢谢, , ,支付宝,"['O', 'O', 'O', 'O', 'O', 'O', 'O', 'O', 'O', 'O', 'O', 'O', 'B-ORG', 'I-ORG', 'E-ORG', 'O', 'O', 'O', 'O', 'O']"
449,561,收江苏省南通市区312岁家长联系方式, ,"江苏,南通", ,"['O', 'B-PL', 'E-PL', 'O', 'B-PL', 'E-PL', 'O', 'O', 'O', 'O', 'O', 'O', 'O', 'O', 'O', 'O', 'O', 'O']"
450,563,泡台妹神器，无非VPN即可勾搭台湾妹子, ,台湾, ,"['O', 'O', 'O', 'O', 'O', 'O', 'O', 'O', 'O', 'O', 'O', 'O', 'O', 'O', 'O', 'B-PL', 'E-PL', 'O', 'O']"
451,564,【诚信收购秒到款】天津河北辽宁数据, ,"天津,辽宁,河北", ,"['O', 'O', 'O', 'O', 'O', 'O', 'O', 'O', 'O', 'B-PL', 'E-PL', 'B-PL', 'E-PL', 'B-PL', 'E-PL', 'O', 'O']"
452,565,美国过来的银行转账盗刷教学文章, ,美国, ,"['B-PL', 'E-PL', 'O', 'O', 'O', 'O', 'O', 'O', 'O', 'O', 'O', 'O', 'O', 'O', 'O']"
453,567,139邮箱，部分密正, , ,139邮箱,"['B-ORG', 'I-ORG', 'I-ORG', 'I-ORG', 'E-ORG', 'O', 'O', 'O', 'O', 'O']"
454,569,中共高官关系图及中共一些新老机密资料,中共高官, ,中共,"['B-ORG', 'E-ORG', 'I-PER', 'E-PER', 'O', 'O', 'O', 'O', 'B-ORG', 'E-ORG', 'O', 'O', 'O', 'O', 'O', 'O', 'O', 'O']"
455,570,60万个网易邮箱账号, , ,网易,"['O', 'O', 'O', 'O', 'B-ORG', 'E-ORG', 'O', 'O', 'O', 'O']"
456,573,东南亚无国界漫游偷渡, ,东南亚, ,"['B-PL', 'I-PL', 'E-PL', 'O', 'O', 'O', 'O', 'O', 'O', 'O']"
457,574,万豪酒店集团数据泄露资料, , ,万豪,"['B-ORG', 'E-ORG', 'O', 'O', 'O', 'O', 'O', 'O', 'O', 'O', 'O', 'O']"
458,575,出英国手持护照12套自动发货, ,英国, ,"['O', 'B-PL', 'E-PL', 'O', 'O', 'O', 'O', 'O', 'O', 'O', 'O', 'O', 'O', 'O']"
459,576,收实名认证的阿里云账号。, , ,阿里,"['O', 'O', 'O', 'O', 'O', 'O', 'B-ORG', 'E-ORG', 'O', 'O', 'O', 'O']"
460,577,"出售0.0025比特币,66元支付宝.", , ,支付宝,"['O', 'O', 'O', 'O', 'O', 'O', 'O', 'O', 'O', 'O', 'O', 'O', 'O', 'O', 'O', 'B-ORG', 'I-ORG', 'E-ORG', 'O']"
461,578,求购比特币用于激活账户，微信支付宝打款, , ,支付宝,"['O', 'O', 'O', 'O', 'O', 'O', 'O', 'O', 'O', 'O', 'O', 'O', 'O', 'O', 'B-ORG', 'I-ORG', 'E-ORG', 'O', 'O']"
462,579,0.003比特币支付宝微信90, , ,支付宝,"['O', 'O', 'O', 'O', 'O', 'O', 'O', 'O', 'B-ORG', 'I-ORG', 'E-ORG', 'O', 'O', 'O', 'O']"
463,580,加拿大网络赌场空手套白狼, ,加拿大, ,"['B-PL', 'I-PL', 'E-PL', 'O', 'O', 'O', 'O', 'O', 'O', 'O', 'O', 'O']"
464,582,长期接韩国网站渗透脱裤SHELL, ,韩国, ,"['O', 'O', 'O', 'B-PL', 'E-PL', 'O', 'O', 'O', 'O', 'O', 'O', 'O', 'O', 'O', 'O', 'O']"
465,583,圆通10亿条快递物流数据, , ,圆通,"['B-ORG', 'E-ORG', 'O', 'O', 'O', 'O', 'O', 'O', 'O', 'O', 'O', 'O']"
466,584,长期出售银行卡，支付宝，微信以及对公账号, , ,支付宝,"['O', 'O', 'O', 'O', 'O', 'O', 'O', 'O', 'B-ORG', 'I-ORG', 'E-ORG', 'O', 'O', 'O', 'O', 'O', 'O', 'O', 'O', 'O']"
467,585,香港邮箱数据部分密正, ,香港, ,"['B-PL', 'E-PL', 'O', 'O', 'O', 'O', 'O', 'O', 'O', 'O']"
468,586,美国实体手机卡微信voice签证, ,美国, ,"['B-PL', 'E-PL', 'O', 'O', 'O', 'O', 'O', 'O', 'O', 'O', 'O', 'O', 'O', 'O', 'O', 'O']"
469,587,专业代办中国户口新建，护照，注销户口, ,中国, ,"['O', 'O', 'O', 'O', 'B-PL', 'E-PL', 'O', 'O', 'O', 'O', 'O', 'O', 'O', 'O', 'O', 'O', 'O', 'O']"
470,588,长期大量收美国带余额ID，有的私我, ,美国, ,"['O', 'O', 'O', 'O', 'O', 'B-PL', 'E-PL', 'O', 'O', 'O', 'O', 'O', 'O', 'O', 'O', 'O', 'O']"
471,589,九五出币0.001起支付宝收款, , ,支付宝,"['O', 'O', 'O', 'O', 'O', 'O', 'O', 'O', 'O', 'O', 'B-ORG', 'I-ORG', 'E-ORG', 'O', 'O']"
472,591,高金额马来西亚网银账号, ,马来西亚, ,"['O', 'O', 'O', 'B-PL', 'I-PL', 'I-PL', 'E-PL', 'O', 'O', 'O', 'O']"
473,592,45万额度马来西亚网银, ,马来西亚, ,"['O', 'O', 'O', 'O', 'O', 'B-PL', 'I-PL', 'I-PL', 'E-PL', 'O', 'O']"
474,593,第一手马来西亚买家信息1000份, ,马来西亚, ,"['O', 'O', 'O', 'B-PL', 'I-PL', 'I-PL', 'E-PL', 'O', 'O', 'O', 'O', 'O', 'O', 'O', 'O', 'O']"
475,594,218M土耳其身份证数据, ,土耳其, ,"['O', 'O', 'O', 'O', 'B-PL', 'I-PL', 'E-PL', 'O', 'O', 'O', 'O', 'O']"
476,595,台灣車商簿子提款卡每天有貨, ,台灣, ,"['B-PL', 'E-PL', 'O', 'O', 'O', 'O', 'O', 'O', 'O', 'O', 'O', 'O', 'O']"
477,596,【成人版】抖阴下载支持苹果和安卓, , ,安卓,"['O', 'O', 'O', 'O', 'O', 'O', 'O', 'O', 'O', 'O', 'O', 'O', 'O', 'O', 'B-ORG', 'E-ORG']"
478,597,1份0.003，85人民币走支付宝, , ,支付宝,"['O', 'O', 'O', 'O', 'O', 'O', 'O', 'O', 'O', 'O', 'O', 'O', 'O', 'O', 'B-ORG', 'I-ORG', 'E-ORG']"
479,598,淘宝订单数据京东订单数据实时数据更新, , ,"京东,淘宝","['B-ORG', 'E-ORG', 'O', 'O', 'O', 'O', 'B-ORG', 'E-ORG', 'O', 'O', 'O', 'O', 'O', 'O', 'O', 'O', 'O', 'O']"
480,599,246份中国大陆护照签证扫描件, ,中国, ,"['O', 'O', 'O', 'O', 'B-PL', 'E-PL', 'O', 'O', 'O', 'O', 'O', 'O', 'O', 'O', 'O']"
481,600,CC大额美国VISA自动发货不墨迹, ,美国, ,"['O', 'O', 'O', 'O', 'B-PL', 'E-PL', 'O', 'O', 'O', 'O', 'O', 'O', 'O', 'O', 'O', 'O', 'O']"
482,601,出售，百度网盘账号，10个，60元, , ,百度,"['O', 'O', 'O', 'B-ORG', 'E-ORG', 'O', 'O', 'O', 'O', 'O', 'O', 'O', 'O', 'O', 'O', 'O', 'O']"
483,605,求购比特币0.001微信支付宝打款45, , ,支付宝,"['O', 'O', 'O', 'O', 'O', 'O', 'O', 'O', 'O', 'O', 'O', 'O', 'B-ORG', 'I-ORG', 'E-ORG', 'O', 'O', 'O', 'O']"
484,606,一手台湾邮箱MD5加密自己去解800条, ,台湾, ,"['O', 'O', 'B-PL', 'E-PL', 'O', 'O', 'O', 'O', 'O', 'O', 'O', 'O', 'O', 'O', 'O', 'O', 'O', 'O', 'O']"
485,607,求购比特币0.003支付宝打款120, , ,支付宝,"['O', 'O', 'O', 'O', 'O', 'O', 'O', 'O', 'O', 'O', 'B-ORG', 'I-ORG', 'E-ORG', 'O', 'O', 'O', 'O', 'O']"
486,608,京东快递员信息数据18年10月, , ,京东,"['B-ORG', 'E-ORG', 'O', 'O', 'O', 'O', 'O', 'O', 'O', 'O', 'O', 'O', 'O', 'O', 'O']"
487,609,大量支付宝V1v2账号, , ,支付宝,"['O', 'O', 'B-ORG', 'I-ORG', 'E-ORG', 'O', 'O', 'O', 'O', 'O', 'O']"
488,610,支付宝微信pp等同名开卡, , ,支付宝,"['B-ORG', 'I-ORG', 'E-ORG', 'O', 'O', 'O', 'O', 'O', 'O', 'O', 'O', 'O']"
489,611,97后08后上海小中高学生数据, ,上海, ,"['O', 'O', 'O', 'O', 'O', 'O', 'B-PL', 'E-PL', 'O', 'O', 'O', 'O', 'O', 'O', 'O']"
490,612,求购btc币0.003支付宝100, , ,支付宝,"['O', 'O', 'O', 'O', 'O', 'O', 'O', 'O', 'O', 'O', 'O', 'B-ORG', 'I-ORG', 'E-ORG', 'O', 'O', 'O']"
491,614,长期收腾讯XSS，长期有效！, , ,腾讯,"['O', 'O', 'O', 'B-ORG', 'E-ORG', 'O', 'O', 'O', 'O', 'O', 'O', 'O', 'O', 'O']"
492,617,VR资源第一视角干日本女人和服, ,日本, ,"['O', 'O', 'O', 'O', 'O', 'O', 'O', 'O', 'O', 'B-PL', 'E-PL', 'O', 'O', 'O', 'O']"
493,620,5000澳门威尼斯人数据, ,澳门, ,"['O', 'O', 'O', 'O', 'B-PL', 'E-PL', 'O', 'O', 'O', 'O', 'O', 'O']"
494,624,出售比特币0.002支付宝收款60., , ,支付宝,"['O', 'O', 'O', 'O', 'O', 'O', 'O', 'O', 'O', 'O', 'B-ORG', 'I-ORG', 'E-ORG', 'O', 'O', 'O', 'O', 'O']"
495,626,Mac百度网盘下载不限速, , ,百度,"['O', 'O', 'O', 'B-ORG', 'E-ORG', 'O', 'O', 'O', 'O', 'O', 'O', 'O']"
496,627,实名绑卡支付宝账号，有样品图, , ,支付宝,"['O', 'O', 'O', 'O', 'B-ORG', 'I-ORG', 'E-ORG', 'O', 'O', 'O', 'O', 'O', 'O', 'O']"
497,628,长期稳定快递淘宝实时单，寻稳定包天客户。, , ,淘宝,"['O', 'O', 'O', 'O', 'O', 'O', 'B-ORG', 'E-ORG', 'O', 'O', 'O', 'O', 'O', 'O', 'O', 'O', 'O', 'O', 'O', 'O']"
498,629,商家支付宝数据自动发货, , ,支付宝,"['O', 'O', 'B-ORG', 'I-ORG', 'E-ORG', 'O', 'O', 'O', 'O', 'O', 'O']"
499,630,王者荣耀玩家联通手机号码70万自动发货, , ,"联通,王者荣耀","['B-ORG', 'I-ORG', 'I-ORG', 'E-ORG', 'O', 'O', 'B-ORG', 'E-ORG', 'O', 'O', 'O', 'O', 'O', 'O', 'O', 'O', 'O', 'O', 'O']"
500,632,全新收款方式支付宝收款时时秒到银行卡, , ,支付宝,"['O', 'O', 'O', 'O', 'O', 'O', 'B-ORG', 'I-ORG', 'E-ORG', 'O', 'O', 'O', 'O', 'O', 'O', 'O', 'O', 'O']"
501,633,求购一手日本邮箱数据，求技术拿站长期合作, ,日本, ,"['O', 'O', 'O', 'O', 'B-PL', 'E-PL', 'O', 'O', 'O', 'O', 'O', 'O', 'O', 'O', 'O', 'O', 'O', 'O', 'O', 'O']"
502,635,回收0.2BTC，微信支付宝回款4000, , ,支付宝,"['O', 'O', 'O', 'O', 'O', 'O', 'O', 'O', 'O', 'O', 'O', 'B-ORG', 'I-ORG', 'E-ORG', 'O', 'O', 'O', 'O', 'O', 'O']"
503,636,收0.1BTC微信支付宝回款2000, , ,支付宝,"['O', 'O', 'O', 'O', 'O', 'O', 'O', 'O', 'O', 'B-ORG', 'I-ORG', 'E-ORG', 'O', 'O', 'O', 'O', 'O', 'O']"
504,637,出售比特币0.015微信支付宝收款400, , ,支付宝,"['O', 'O', 'O', 'O', 'O', 'O', 'O', 'O', 'O', 'O', 'O', 'O', 'B-ORG', 'I-ORG', 'E-ORG', 'O', 'O', 'O', 'O', 'O']"
505,638,【直播盒子】有120个直播源，安卓, , ,安卓,"['O', 'O', 'O', 'O', 'O', 'O', 'O', 'O', 'O', 'O', 'O', 'O', 'O', 'O', 'O', 'B-ORG', 'E-ORG']"
506,639,33部欧美萝莉与大叔精品合集, ,欧美, ,"['O', 'O', 'O', 'B-PL', 'E-PL', 'O', 'O', 'O', 'O', 'O', 'O', 'O', 'O', 'O']"
507,640,收1200人民币比特币！支付宝回款，秒回, , ,支付宝,"['O', 'O', 'O', 'O', 'O', 'O', 'O', 'O', 'O', 'O', 'O', 'O', 'B-ORG', 'I-ORG', 'E-ORG', 'O', 'O', 'O', 'O', 'O']"
508,642,长期大量高价收日本一手邮箱数据库, ,日本, ,"['O', 'O', 'O', 'O', 'O', 'O', 'O', 'B-PL', 'E-PL', 'O', 'O', 'O', 'O', 'O', 'O', 'O']"
509,644,长期高价收购日本一手邮箱数据库, ,日本, ,"['O', 'O', 'O', 'O', 'O', 'O', 'B-PL', 'E-PL', 'O', 'O', 'O', 'O', 'O', 'O', 'O']"
510,645,北京民生银行金卡数据目测5万多条, ,北京,民生,"['B-PL', 'E-PL', 'B-ORG', 'E-ORG', 'O', 'O', 'O', 'O', 'O', 'O', 'O', 'O', 'O', 'O', 'O', 'O']"
511,646,求购QQ腾讯盗号木马，整套源码。价格美丽, , ,腾讯,"['O', 'O', 'O', 'O', 'B-ORG', 'E-ORG', 'O', 'O', 'O', 'O', 'O', 'O', 'O', 'O', 'O', 'O', 'O', 'O', 'O', 'O']"
512,647,回收0.1比特币微信支付宝回款2100, , ,支付宝,"['O', 'O', 'O', 'O', 'O', 'O', 'O', 'O', 'O', 'O', 'B-ORG', 'I-ORG', 'E-ORG', 'O', 'O', 'O', 'O', 'O', 'O']"
513,648,淘宝女性网购一手实时数据, , ,淘宝,"['B-ORG', 'E-ORG', 'O', 'O', 'O', 'O', 'O', 'O', 'O', 'O', 'O', 'O']"
514,649,美国及豁免国护照，协助离开中国, ,"中国,美国", ,"['B-PL', 'E-PL', 'O', 'O', 'O', 'O', 'O', 'O', 'O', 'O', 'O', 'O', 'O', 'B-PL', 'E-PL']"
515,650,求购欧洲ID护照半身照, ,欧洲, ,"['O', 'O', 'B-PL', 'E-PL', 'O', 'O', 'O', 'O', 'O', 'O', 'O']"
516,653,200W某著名全球奢侈品中国客户数据, ,中国, ,"['O', 'O', 'O', 'O', 'O', 'O', 'O', 'O', 'O', 'O', 'O', 'O', 'B-PL', 'E-PL', 'O', 'O', 'O', 'O']"
517,654,长期求购日本各类数据, ,日本, ,"['O', 'O', 'O', 'O', 'B-PL', 'E-PL', 'O', 'O', 'O', 'O']"
518,655,上海航空vip，共3w，低价出售, ,上海, ,"['B-PL', 'E-PL', 'O', 'O', 'O', 'O', 'O', 'O', 'O', 'O', 'O', 'O', 'O', 'O', 'O', 'O']"
519,656,出已过人脸识别认证的支付宝账号, , ,支付宝,"['O', 'O', 'O', 'O', 'O', 'O', 'O', 'O', 'O', 'O', 'B-ORG', 'I-ORG', 'E-ORG', 'O', 'O']"
520,657,收中国银行卡信用卡数据, ,中国, ,"['O', 'B-PL', 'E-PL', 'O', 'O', 'O', 'O', 'O', 'O', 'O', 'O']"
521,658,400万gmail邮箱, , ,gmail,"['O', 'O', 'O', 'O', 'B-ORG', 'I-ORG', 'I-ORG', 'I-ORG', 'E-ORG', 'O', 'O']"
522,659,苍井空苍老师视频合集mega盘,苍井空, , ,"['B-PER', 'I-PER', 'E-PER', 'O', 'O', 'O', 'O', 'O', 'O', 'O', 'O', 'O', 'O', 'O', 'O']"
523,661,中国领导人历史禁书, ,中国, ,"['B-PL', 'E-PL', 'O', 'O', 'O', 'O', 'O', 'O', 'O']"
524,663,"交通银行白金卡数据,19.2w条", , ,交通银行,"['B-ORG', 'I-ORG', 'I-ORG', 'E-ORG', 'O', 'O', 'O', 'O', 'O', 'O', 'O', 'O', 'O', 'O', 'O', 'O']"
525,664,2019上海长宁经侦流出几大金融平台数据, ,上海, ,"['O', 'O', 'O', 'O', 'B-PL', 'E-PL', 'O', 'O', 'O', 'O', 'O', 'O', 'O', 'O', 'O', 'O', 'O', 'O', 'O', 'O']"
526,665,出联通冰激凌卡，躲债利器，收账必备！, , ,联通,"['O', 'B-ORG', 'E-ORG', 'O', 'O', 'O', 'O', 'O', 'O', 'O', 'O', 'O', 'O', 'O', 'O', 'O', 'O', 'O']"
527,667,淘宝网购数据最新一手数据, , ,淘宝,"['B-ORG', 'E-ORG', 'O', 'O', 'O', 'O', 'O', 'O', 'O', 'O', 'O', 'O']"
528,669,淘宝化妆品数据43w, , ,淘宝,"['B-ORG', 'E-ORG', 'O', 'O', 'O', 'O', 'O', 'O', 'O', 'O']"
529,670,cosplay极品伪娘，两部百度网盘, , ,百度,"['O', 'O', 'O', 'O', 'O', 'O', 'O', 'O', 'O', 'O', 'O', 'O', 'O', 'O', 'B-ORG', 'E-ORG', 'O', 'O']"
530,671,CVV礼品卡虚拟通道直接充值微信支付宝, , ,支付宝,"['O', 'O', 'O', 'O', 'O', 'O', 'O', 'O', 'O', 'O', 'O', 'O', 'O', 'O', 'O', 'O', 'B-ORG', 'I-ORG', 'E-ORG']"
531,672,收淘宝女性订单宝妈数据, , ,淘宝,"['O', 'B-ORG', 'E-ORG', 'O', 'O', 'O', 'O', 'O', 'O', 'O', 'O']"
532,673,收二手三手淘宝女性订单手机号宝妈手机号, , ,淘宝,"['O', 'O', 'O', 'O', 'O', 'B-ORG', 'E-ORG', 'O', 'O', 'O', 'O', 'O', 'O', 'O', 'O', 'O', 'O', 'O', 'O']"
533,674,阿里的朋友帮忙查几个内部联系方式, , ,阿里,"['B-ORG', 'E-ORG', 'O', 'O', 'O', 'O', 'O', 'O', 'O', 'O', 'O', 'O', 'O', 'O', 'O', 'O']"
534,675,阿里的朋友进，帮忙查几个内部联系方式, , ,阿里,"['B-ORG', 'E-ORG', 'O', 'O', 'O', 'O', 'O', 'O', 'O', 'O', 'O', 'O', 'O', 'O', 'O', 'O', 'O', 'O']"
535,677,出一手淘宝女性网购数据，最新提取, , ,淘宝,"['O', 'O', 'O', 'B-ORG', 'E-ORG', 'O', 'O', 'O', 'O', 'O', 'O', 'O', 'O', 'O', 'O', 'O']"
536,678,收二手三手淘宝女性手机号母婴系列手机号, , ,淘宝,"['O', 'O', 'O', 'O', 'O', 'B-ORG', 'E-ORG', 'O', 'O', 'O', 'O', 'O', 'O', 'O', 'O', 'O', 'O', 'O', 'O']"
537,680,美国及豁免国护照，帮你离开中国, ,"中国,美国", ,"['B-PL', 'E-PL', 'O', 'O', 'O', 'O', 'O', 'O', 'O', 'O', 'O', 'O', 'O', 'B-PL', 'E-PL']"
538,681,开设美国银行账户，人民币出境, ,美国, ,"['O', 'O', 'B-PL', 'E-PL', 'O', 'O', 'O', 'O', 'O', 'O', 'O', 'O', 'O', 'O']"
539,682,协助开设美国银行账户，人民币出境, ,美国, ,"['O', 'O', 'O', 'O', 'B-PL', 'E-PL', 'O', 'O', 'O', 'O', 'O', 'O', 'O', 'O', 'O', 'O']"
540,684,加拿大最新一手数据, ,加拿大, ,"['B-PL', 'I-PL', 'E-PL', 'O', 'O', 'O', 'O', 'O', 'O']"
541,686,法国最新一手数据, ,法国, ,"['B-PL', 'E-PL', 'O', 'O', 'O', 'O', 'O', 'O']"
542,687,日本最新一手数据, ,日本, ,"['B-PL', 'E-PL', 'O', 'O', 'O', 'O', 'O', 'O']"
543,688,俄罗斯最新一手数据, ,俄罗斯, ,"['B-PL', 'I-PL', 'E-PL', 'O', 'O', 'O', 'O', 'O', 'O']"
544,689,意大利最新一手数据, ,意大利, ,"['B-PL', 'I-PL', 'E-PL', 'O', 'O', 'O', 'O', 'O', 'O']"
545,690,德国最新一手数据, ,德国, ,"['B-PL', 'E-PL', 'O', 'O', 'O', 'O', 'O', 'O']"
546,691,侦探查人找人仅限美国, ,美国, ,"['O', 'O', 'O', 'O', 'O', 'O', 'O', 'O', 'B-PL', 'E-PL']"
547,692,广东省内意外单15BT, ,广东, ,"['B-PL', 'E-PL', 'O', 'O', 'O', 'O', 'O', 'O', 'O', 'O', 'O']"
548,693,出美国企业营业执照100套, ,美国, ,"['O', 'B-PL', 'E-PL', 'O', 'O', 'O', 'O', 'O', 'O', 'O', 'O', 'O', 'O']"
549,694,代开英国账户，满足你匿名收付款需求, ,英国, ,"['O', 'O', 'B-PL', 'E-PL', 'O', 'O', 'O', 'O', 'O', 'O', 'O', 'O', 'O', 'O', 'O', 'O', 'O']"
550,695,日本兽父和自己10岁的小学宝贝女儿合集, ,日本, ,"['B-PL', 'E-PL', 'O', 'O', 'O', 'O', 'O', 'O', 'O', 'O', 'O', 'O', 'O', 'O', 'O', 'O', 'O', 'O', 'O']"
551,696,求购0.02BTC，支付宝微信付款450, , ,支付宝,"['O', 'O', 'O', 'O', 'O', 'O', 'O', 'O', 'O', 'O', 'B-ORG', 'I-ORG', 'E-ORG', 'O', 'O', 'O', 'O', 'O', 'O', 'O']"
552,697,出台湾一手裸c部分是全资可以挑头, ,台湾, ,"['O', 'B-PL', 'E-PL', 'O', 'O', 'O', 'O', 'O', 'O', 'O', 'O', 'O', 'O', 'O', 'O', 'O']"
553,698,马来西亚欧洲卡料。赠送直冲微信支付宝通道, ,"马来西亚,欧洲",支付宝,"['B-PL', 'I-PL', 'I-PL', 'E-PL', 'B-PL', 'E-PL', 'O', 'O', 'O', 'O', 'O', 'O', 'O', 'O', 'O', 'B-ORG', 'I-ORG', 'E-ORG', 'O', 'O']"
554,699,日本女高中生在学校大胆露出, ,日本, ,"['B-PL', 'E-PL', 'O', 'O', 'O', 'O', 'O', 'O', 'O', 'O', 'O', 'O', 'O']"
555,700,深圳的2个验证过的美女资源, ,深圳, ,"['B-PL', 'E-PL', 'O', 'O', 'O', 'O', 'O', 'O', 'O', 'O', 'O', 'O', 'O']"
556,702,验证的深圳美女服务信息, ,深圳, ,"['O', 'O', 'O', 'B-PL', 'E-PL', 'O', 'O', 'O', 'O', 'O', 'O']"
557,703,亚马逊刷礼品卡教程文字教程详细步骤, , ,亚马逊,"['B-ORG', 'I-ORG', 'E-ORG', 'O', 'O', 'O', 'O', 'O', 'O', 'O', 'O', 'O', 'O', 'O', 'O', 'O', 'O']"
558,704,查几个阿里内部的联系方式, , ,阿里,"['O', 'O', 'O', 'B-ORG', 'E-ORG', 'O', 'O', 'O', 'O', 'O', 'O', 'O']"
559,705,出售新加坡最大运营商数据及权限, ,新加坡, ,"['O', 'O', 'B-PL', 'I-PL', 'E-PL', 'O', 'O', 'O', 'O', 'O', 'O', 'O', 'O', 'O', 'O']"
560,706,16年京东12G500美元, , ,京东,"['O', 'O', 'O', 'B-ORG', 'E-ORG', 'O', 'O', 'O', 'O', 'O', 'O', 'O', 'O']"
561,707,高清俄罗斯硬核重口夫妻调教4岁女儿, ,俄罗斯, ,"['O', 'O', 'B-PL', 'I-PL', 'E-PL', 'O', 'O', 'O', 'O', 'O', 'O', 'O', 'O', 'O', 'O', 'O', 'O']"
562,709,出本站共0.07btc支付宝收款, , ,支付宝,"['O', 'O', 'O', 'O', 'O', 'O', 'O', 'O', 'O', 'O', 'O', 'B-ORG', 'I-ORG', 'E-ORG', 'O', 'O']"
563,710,山东6W医生信息自动发货, ,山东, ,"['B-PL', 'E-PL', 'O', 'O', 'O', 'O', 'O', 'O', 'O', 'O', 'O', 'O']"
564,712,求购0.02btc支付宝付款450, , ,支付宝,"['O', 'O', 'O', 'O', 'O', 'O', 'O', 'O', 'O', 'B-ORG', 'I-ORG', 'E-ORG', 'O', 'O', 'O', 'O', 'O']"
565,713,深圳超高端住宅业主一手联系方式, ,深圳, ,"['B-PL', 'E-PL', 'O', 'O', 'O', 'O', 'O', 'O', 'O', 'O', 'O', 'O', 'O', 'O', 'O']"
566,714,最新良家泄露天津李XX電腦被黑視頻流出, ,天津, ,"['O', 'O', 'O', 'O', 'O', 'O', 'B-PL', 'E-PL', 'O', 'O', 'O', 'O', 'O', 'O', 'O', 'O', 'O', 'O', 'O']"
567,715,稀有资源山西万荣祖孙三代乱伦最全合集, ,"山西,万荣", ,"['O', 'O', 'O', 'O', 'B-PL', 'E-PL', 'B-PL', 'E-PL', 'O', 'O', 'O', 'O', 'O', 'O', 'O', 'O', 'O', 'O']"
568,716,出售新加坡最大运营商数据及权限等, ,新加坡, ,"['O', 'O', 'B-PL', 'I-PL', 'E-PL', 'O', 'O', 'O', 'O', 'O', 'O', 'O', 'O', 'O', 'O', 'O']"
569,717,八达通专接香港电汇款各项业务整合, ,香港, ,"['O', 'O', 'O', 'O', 'O', 'B-PL', 'E-PL', 'O', 'O', 'O', 'O', 'O', 'O', 'O', 'O', 'O']"
570,718,前段时间很火的韩国小女神2套合集收藏版, ,韩国, ,"['O', 'O', 'O', 'O', 'O', 'O', 'O', 'B-PL', 'E-PL', 'O', 'O', 'O', 'O', 'O', 'O', 'O', 'O', 'O', 'O']"
571,720,日本实物通道，发货速度无敌, ,日本, ,"['B-PL', 'E-PL', 'O', 'O', 'O', 'O', 'O', 'O', 'O', 'O', 'O', 'O', 'O']"
572,721,出售新加坡最大运营商权限及数据, ,新加坡, ,"['O', 'O', 'B-PL', 'I-PL', 'E-PL', 'O', 'O', 'O', 'O', 'O', 'O', 'O', 'O', 'O', 'O']"
573,722,深圳韵动家园教钢琴的兼职MM, ,深圳, ,"['B-PL', 'E-PL', 'O', 'O', 'O', 'O', 'O', 'O', 'O', 'O', 'O', 'O', 'O', 'O']"
574,723,出0.1btc支付宝或微信收款1500, , ,支付宝,"['O', 'O', 'O', 'O', 'O', 'O', 'O', 'B-ORG', 'I-ORG', 'E-ORG', 'O', 'O', 'O', 'O', 'O', 'O', 'O', 'O', 'O']"
575,724,10个欧美亚BTC赌场资源网址, ,欧美, ,"['O', 'O', 'O', 'B-PL', 'E-PL', 'O', 'O', 'O', 'O', 'O', 'O', 'O', 'O', 'O', 'O']"
576,727,杭州27位千级亿级富豪有用的1美金拿走, ,杭州, ,"['B-PL', 'E-PL', 'O', 'O', 'O', 'O', 'O', 'O', 'O', 'O', 'O', 'O', 'O', 'O', 'O', 'O', 'O', 'O', 'O']"
577,728,澳门的嫖娼方式分享，有照片, ,澳门, ,"['B-PL', 'E-PL', 'O', 'O', 'O', 'O', 'O', 'O', 'O', 'O', 'O', 'O', 'O']"
578,729,深圳挺不错的钢琴女老师, ,深圳, ,"['B-PL', 'E-PL', 'O', 'O', 'O', 'O', 'O', 'O', 'O', 'O', 'O']"
579,730,打包出246张中国护照照片, ,中国, ,"['O', 'O', 'O', 'O', 'O', 'O', 'O', 'B-PL', 'E-PL', 'O', 'O', 'O', 'O']"
580,731,深圳高端隐秘的私密制服诱惑游戏, ,深圳, ,"['B-PL', 'E-PL', 'O', 'O', 'O', 'O', 'O', 'O', 'O', 'O', 'O', 'O', 'O', 'O', 'O']"
581,732,帮忙注册英国网络银行卡37天收卡, ,英国, ,"['O', 'O', 'O', 'O', 'B-PL', 'E-PL', 'O', 'O', 'O', 'O', 'O', 'O', 'O', 'O', 'O', 'O']"
582,733,出售香港迪士尼乐园电子门票咸鱼转暗网, ,香港,迪士尼,"['O', 'O', 'B-PL', 'E-PL', 'B-ORG', 'I-ORG', 'E-ORG', 'O', 'O', 'O', 'O', 'O', 'O', 'O', 'O', 'O', 'O', 'O']"
583,734,"澳门三个嫖娼论坛地址,有照片", ,澳门, ,"['B-PL', 'E-PL', 'O', 'O', 'O', 'O', 'O', 'O', 'O', 'O', 'O', 'O', 'O', 'O']"
584,735,求购比特币0.02微信支付宝打款500, , ,支付宝,"['O', 'O', 'O', 'O', 'O', 'O', 'O', 'O', 'O', 'O', 'O', 'B-ORG', 'I-ORG', 'E-ORG', 'O', 'O', 'O', 'O', 'O']"
585,737,澳门三种嫖娼方式分享, ,澳门, ,"['B-PL', 'E-PL', 'O', 'O', 'O', 'O', 'O', 'O', 'O', 'O']"
586,738,16.7W条重庆车主数据166770条, ,重庆, ,"['O', 'O', 'O', 'O', 'O', 'O', 'B-PL', 'E-PL', 'O', 'O', 'O', 'O', 'O', 'O', 'O', 'O', 'O', 'O', 'O']"
587,739,几十万条四川成都小区业主名单, ,"成都,四川", ,"['O', 'O', 'O', 'O', 'B-PL', 'E-PL', 'B-PL', 'E-PL', 'O', 'O', 'O', 'O', 'O', 'O']"
588,741,20张韩国护照打包自动发货, ,韩国, ,"['O', 'O', 'O', 'B-PL', 'E-PL', 'O', 'O', 'O', 'O', 'O', 'O', 'O', 'O']"
589,742,2018淘宝女装1W条3美金自动发货, , ,淘宝,"['O', 'O', 'O', 'O', 'B-ORG', 'E-ORG', 'O', 'O', 'O', 'O', 'O', 'O', 'O', 'O', 'O', 'O', 'O', 'O']"
590,743,猎人王淘宝数据打包1000, , ,淘宝,"['O', 'O', 'O', 'B-ORG', 'E-ORG', 'O', 'O', 'O', 'O', 'O', 'O', 'O', 'O']"
591,744,出售比特币0.02支付宝收款560, , ,支付宝,"['O', 'O', 'O', 'O', 'O', 'O', 'O', 'O', 'O', 'B-ORG', 'I-ORG', 'E-ORG', 'O', 'O', 'O', 'O', 'O']"
592,745,大量提供美国银行账户，提供全套资料无后患, ,美国, ,"['O', 'O', 'O', 'O', 'B-PL', 'E-PL', 'O', 'O', 'O', 'O', 'O', 'O', 'O', 'O', 'O', 'O', 'O', 'O', 'O', 'O']"
593,746,出售一批美国银行账号被封号, ,美国, ,"['O', 'O', 'O', 'O', 'B-PL', 'E-PL', 'O', 'O', 'O', 'O', 'O', 'O', 'O']"
594,747,出一个短信轰炸机安卓可用, , ,安卓,"['O', 'O', 'O', 'O', 'O', 'O', 'O', 'O', 'B-ORG', 'E-ORG', 'O', 'O']"
595,748,出售美国版四件套，美国银行卡证件扫描, ,美国, ,"['O', 'O', 'B-PL', 'E-PL', 'O', 'O', 'O', 'O', 'O', 'B-PL', 'E-PL', 'O', 'O', 'O', 'O', 'O', 'O', 'O']"
596,749,百度网盘破解版永久vip, , ,百度,"['B-ORG', 'E-ORG', 'O', 'O', 'O', 'O', 'O', 'O', 'O', 'O', 'O', 'O']"
597,750,安卓监听黑科技稳定可靠！, , ,安卓,"['B-ORG', 'E-ORG', 'O', 'O', 'O', 'O', 'O', 'O', 'O', 'O', 'O', 'O']"
598,751,出0.03393支付宝收880, , ,支付宝,"['O', 'O', 'O', 'O', 'O', 'O', 'O', 'O', 'B-ORG', 'I-ORG', 'E-ORG', 'O', 'O', 'O', 'O']"
599,752,求购比特币0.01支付宝打款200, , ,支付宝,"['O', 'O', 'O', 'O', 'O', 'O', 'O', 'O', 'O', 'B-ORG', 'I-ORG', 'E-ORG', 'O', 'O', 'O', 'O', 'O']"
600,753,浙江某教师招聘系统数据, ,浙江, ,"['B-PL', 'E-PL', 'O', 'O', 'O', 'O', 'O', 'O', 'O', 'O', 'O']"
601,754,求购btc0.01微信支付宝打款180, , ,支付宝,"['O', 'O', 'O', 'O', 'O', 'O', 'O', 'O', 'O', 'O', 'O', 'B-ORG', 'I-ORG', 'E-ORG', 'O', 'O', 'O', 'O', 'O']"
602,756,收美国亚马逊扫号器无C绑卡测活站, ,美国,亚马逊,"['O', 'B-PL', 'E-PL', 'B-ORG', 'I-ORG', 'E-ORG', 'O', 'O', 'O', 'O', 'O', 'O', 'O', 'O', 'O', 'O']"
603,758,中国十大禁书当今必看, ,中国, ,"['B-PL', 'E-PL', 'O', 'O', 'O', 'O', 'O', 'O', 'O', 'O']"
604,759,收成都企业电话数据，长期收.。。。。。, ,成都, ,"['O', 'B-PL', 'E-PL', 'O', 'O', 'O', 'O', 'O', 'O', 'O', 'O', 'O', 'O', 'O', 'O', 'O', 'O', 'O', 'O']"
605,761,300万收最新贷款数据招商数据实力的来, , ,招商,"['O', 'O', 'O', 'O', 'O', 'O', 'O', 'O', 'O', 'O', 'O', 'B-ORG', 'E-ORG', 'O', 'O', 'O', 'O', 'O', 'O']"
606,762,安卓ios稳定vpn软件, , ,安卓,"['B-ORG', 'E-ORG', 'O', 'O', 'O', 'O', 'O', 'O', 'O', 'O', 'O', 'O']"
607,763,腾讯分分彩全自动挂机系统盈利稳定, , ,腾讯,"['B-ORG', 'E-ORG', 'O', 'O', 'O', 'O', 'O', 'O', 'O', 'O', 'O', 'O', 'O', 'O', 'O', 'O']"
608,765,安卓老司机多功能直播盒子大量打包, , ,安卓,"['B-ORG', 'E-ORG', 'O', 'O', 'O', 'O', 'O', 'O', 'O', 'O', 'O', 'O', 'O', 'O', 'O', 'O']"
609,766,出售站内0.15比特币，支付宝收款!, , ,支付宝,"['O', 'O', 'O', 'O', 'O', 'O', 'O', 'O', 'O', 'O', 'O', 'O', 'B-ORG', 'I-ORG', 'E-ORG', 'O', 'O', 'O']"
610,767,广东省滴滴打人继续营业, ,广东, ,"['B-PL', 'E-PL', 'O', 'O', 'O', 'O', 'O', 'O', 'O', 'O', 'O']"
611,768,求购韩国身份资料四件套, ,韩国, ,"['O', 'O', 'B-PL', 'E-PL', 'O', 'O', 'O', 'O', 'O', 'O', 'O']"
612,769,匿名百度网盘2T版，3.98美金一个, , ,百度,"['O', 'O', 'B-ORG', 'E-ORG', 'O', 'O', 'O', 'O', 'O', 'O', 'O', 'O', 'O', 'O', 'O', 'O', 'O', 'O']"
613,771,出售银行卡四件套绑定微信支付宝, , ,支付宝,"['O', 'O', 'O', 'O', 'O', 'O', 'O', 'O', 'O', 'O', 'O', 'O', 'B-ORG', 'I-ORG', 'E-ORG']"
614,772,出售一个高中性奴，在重庆!, ,重庆, ,"['O', 'O', 'O', 'O', 'O', 'O', 'O', 'O', 'O', 'O', 'B-PL', 'E-PL', 'O']"
615,773,风控支付宝微信，唯一绑卡提现方法, , ,支付宝,"['O', 'O', 'B-ORG', 'I-ORG', 'E-ORG', 'O', 'O', 'O', 'O', 'O', 'O', 'O', 'O', 'O', 'O', 'O']"
616,774,韩国娱乐圈卖淫33部全集, ,韩国, ,"['B-PL', 'E-PL', 'O', 'O', 'O', 'O', 'O', 'O', 'O', 'O', 'O', 'O']"
617,775,三款安卓远控免杀木马降价出售附带教程, , ,安卓,"['O', 'O', 'B-ORG', 'E-ORG', 'O', 'O', 'O', 'O', 'O', 'O', 'O', 'O', 'O', 'O', 'O', 'O', 'O', 'O']"
618,776,5W条香港壹传媒用户数据邮箱电话密码, ,香港, ,"['O', 'O', 'O', 'B-PL', 'E-PL', 'O', 'O', 'O', 'O', 'O', 'O', 'O', 'O', 'O', 'O', 'O', 'O', 'O']"
619,777,杨幂不雅视频我老公呢,杨幂, , ,"['B-PER', 'E-PER', 'O', 'O', 'O', 'O', 'O', 'O', 'O', 'O']"
620,778,经典日本13岁幼女合集, ,日本, ,"['O', 'O', 'B-PL', 'E-PL', 'O', 'O', 'O', 'O', 'O', 'O', 'O']"
621,779,接支付宝，微信，QQ实名认证, , ,支付宝,"['O', 'B-ORG', 'I-ORG', 'E-ORG', 'O', 'O', 'O', 'O', 'O', 'O', 'O', 'O', 'O', 'O']"
622,780,求购比特币0.02微信支付宝打款550, , ,支付宝,"['O', 'O', 'O', 'O', 'O', 'O', 'O', 'O', 'O', 'O', 'O', 'B-ORG', 'I-ORG', 'E-ORG', 'O', 'O', 'O', 'O', 'O']"
623,781,广东80万女性联系方式, ,广东, ,"['B-PL', 'E-PL', 'O', 'O', 'O', 'O', 'O', 'O', 'O', 'O', 'O']"
624,782,鲜活一手美国cvv100精品, ,美国, ,"['O', 'O', 'O', 'O', 'B-PL', 'E-PL', 'O', 'O', 'O', 'O', 'O', 'O', 'O', 'O']"
625,783,杭州680万移动身份信息, ,杭州,移动,"['B-PL', 'E-PL', 'O', 'O', 'O', 'O', 'B-ORG', 'E-ORG', 'O', 'O', 'O', 'O']"
626,785,成都1054条新购房户主联系方式, ,成都, ,"['B-PL', 'E-PL', 'O', 'O', 'O', 'O', 'O', 'O', 'O', 'O', 'O', 'O', 'O', 'O', 'O', 'O']"
627,786,2019最近亚马逊刷实物和礼品卡方法, , ,亚马逊,"['O', 'O', 'O', 'O', 'O', 'O', 'B-ORG', 'I-ORG', 'E-ORG', 'O', 'O', 'O', 'O', 'O', 'O', 'O', 'O', 'O']"
628,788,色情游戏大全，安卓也都有，应有尽有, , ,安卓,"['O', 'O', 'O', 'O', 'O', 'O', 'O', 'B-ORG', 'E-ORG', 'O', 'O', 'O', 'O', 'O', 'O', 'O', 'O']"
629,789,自动发货广州企业员工通讯录89000条, ,广州, ,"['O', 'O', 'O', 'O', 'B-PL', 'E-PL', 'O', 'O', 'O', 'O', 'O', 'O', 'O', 'O', 'O', 'O', 'O', 'O', 'O']"
630,790,求购谷歌礼品卡10美或100的指定单, , ,谷歌,"['O', 'O', 'B-ORG', 'E-ORG', 'O', 'O', 'O', 'O', 'O', 'O', 'O', 'O', 'O', 'O', 'O', 'O', 'O', 'O']"
631,792,最全中共官员太子党关系图各集团利益关系,"中共官员,太子党", ,中共,"['O', 'O', 'B-ORG', 'E-ORG', 'I-PER', 'E-PER', 'B-PER', 'I-PER', 'E-PER', 'O', 'O', 'O', 'O', 'O', 'O', 'O', 'O', 'O', 'O']"
632,793,4.1W条韩国购物网站数据账号密码, ,韩国, ,"['O', 'O', 'O', 'O', 'O', 'B-PL', 'E-PL', 'O', 'O', 'O', 'O', 'O', 'O', 'O', 'O', 'O', 'O']"
633,795,收藏级日本国小萌幼视频图片全集, ,日本, ,"['O', 'O', 'O', 'B-PL', 'E-PL', 'O', 'O', 'O', 'O', 'O', 'O', 'O', 'O', 'O', 'O']"
634,796,收腾讯QQ通杀RCE漏洞, , ,腾讯,"['O', 'B-ORG', 'E-ORG', 'O', 'O', 'O', 'O', 'O', 'O', 'O', 'O', 'O']"
635,799,一手整理285G智联招聘前程无忧简历, , ,"智联,前程无忧","['O', 'O', 'O', 'O', 'O', 'O', 'O', 'O', 'B-ORG', 'E-ORG', 'O', 'O', 'B-ORG', 'I-ORG', 'I-ORG', 'E-ORG', 'O', 'O']"
636,800,洗钱套餐号火币号支付宝号, , ,支付宝,"['O', 'O', 'O', 'O', 'O', 'O', 'O', 'O', 'B-ORG', 'I-ORG', 'E-ORG', 'O']"
637,801,降价智联招聘前程无忧简历285G, , ,"智联,前程无忧","['O', 'O', 'B-ORG', 'E-ORG', 'O', 'O', 'B-ORG', 'I-ORG', 'I-ORG', 'E-ORG', 'O', 'O', 'O', 'O', 'O', 'O']"
638,802,京东助手淘宝试用助手苏宁试用助手, , ,"京东,苏宁,淘宝","['B-ORG', 'E-ORG', 'O', 'O', 'B-ORG', 'E-ORG', 'O', 'O', 'O', 'O', 'B-ORG', 'E-ORG', 'O', 'O', 'O', 'O']"
639,803,深圳业主信息100w自动发货, ,深圳, ,"['B-PL', 'E-PL', 'O', 'O', 'O', 'O', 'O', 'O', 'O', 'O', 'O', 'O', 'O', 'O']"
640,804,1美金底价，电脑端百度云不限速下载工具, , ,百度,"['O', 'O', 'O', 'O', 'O', 'O', 'O', 'O', 'O', 'B-ORG', 'E-ORG', 'O', 'O', 'O', 'O', 'O', 'O', 'O', 'O']"
641,805,中国Eko家居用户数据34.8万条, ,中国,Eko家居,"['B-PL', 'E-PL', 'B-ORG', 'I-ORG', 'I-ORG', 'I-ORG', 'E-ORG', 'O', 'O', 'O', 'O', 'O', 'O', 'O', 'O', 'O', 'O']"
642,806,支付宝理赔教程日入2000元, , ,支付宝,"['B-ORG', 'I-ORG', 'E-ORG', 'O', 'O', 'O', 'O', 'O', 'O', 'O', 'O', 'O', 'O', 'O']"
643,807,正常号段移动已实名电话卡，半年0月租, , ,移动,"['O', 'O', 'O', 'O', 'B-ORG', 'E-ORG', 'O', 'O', 'O', 'O', 'O', 'O', 'O', 'O', 'O', 'O', 'O', 'O']"
644,808,免费无限制获得支付宝和微信收款号, , ,支付宝,"['O', 'O', 'O', 'O', 'O', 'O', 'O', 'B-ORG', 'I-ORG', 'E-ORG', 'O', 'O', 'O', 'O', 'O', 'O']"
645,809,大学精英广东某些高校学生会类成员数据, ,广东, ,"['O', 'O', 'O', 'O', 'B-PL', 'E-PL', 'O', 'O', 'O', 'O', 'O', 'O', 'O', 'O', 'O', 'O', 'O', 'O']"
646,810,出英国手持护照账单10套, ,英国, ,"['O', 'B-PL', 'E-PL', 'O', 'O', 'O', 'O', 'O', 'O', 'O', 'O', 'O']"
647,811,羊毛党必看！！！攻陷淘宝薅货教程！, , ,淘宝,"['O', 'O', 'O', 'O', 'O', 'O', 'O', 'O', 'O', 'O', 'B-ORG', 'E-ORG', 'O', 'O', 'O', 'O', 'O']"
648,812,目前国内最牛逼的一款安卓手机远控木马, , ,安卓,"['O', 'O', 'O', 'O', 'O', 'O', 'O', 'O', 'O', 'O', 'B-ORG', 'E-ORG', 'O', 'O', 'O', 'O', 'O', 'O']"
649,813,云南某地区00后学籍信息及监护人联系方式, ,云南, ,"['B-PL', 'E-PL', 'O', 'O', 'O', 'O', 'O', 'O', 'O', 'O', 'O', 'O', 'O', 'O', 'O', 'O', 'O', 'O', 'O', 'O']"
650,814,性感美国网红小妞黑丝自慰流出, ,美国, ,"['O', 'O', 'B-PL', 'E-PL', 'O', 'O', 'O', 'O', 'O', 'O', 'O', 'O', 'O', 'O']"
651,816,出英国护照30张低价, ,英国, ,"['O', 'B-PL', 'E-PL', 'O', 'O', 'O', 'O', 'O', 'O', 'O']"
652,817,出美国手持护照资料高清, ,美国, ,"['O', 'B-PL', 'E-PL', 'O', 'O', 'O', 'O', 'O', 'O', 'O', 'O']"
653,819,38万淘宝女性服装客户资料, , ,淘宝,"['O', 'O', 'O', 'B-ORG', 'E-ORG', 'O', 'O', 'O', 'O', 'O', 'O', 'O', 'O']"
654,820,中国银行董事高管数据, ,中国, ,"['B-PL', 'E-PL', 'O', 'O', 'O', 'O', 'O', 'O', 'O', 'O']"
655,821,澳门灰产之一港币兑换方案, ,澳门, ,"['B-PL', 'E-PL', 'O', 'O', 'O', 'O', 'O', 'O', 'O', 'O', 'O', 'O']"
656,822,中国铁路1230613W条数据, ,中国,12306,"['B-PL', 'E-PL', 'O', 'O', 'B-ORG', 'I-ORG', 'I-ORG', 'I-ORG', 'E-ORG', 'O', 'O', 'O', 'O', 'O', 'O']"
657,823,出售上海地区的一个私人会所联系方式, ,上海, ,"['O', 'O', 'B-PL', 'E-PL', 'O', 'O', 'O', 'O', 'O', 'O', 'O', 'O', 'O', 'O', 'O', 'O', 'O']"
658,824,收购收购一套完整的美国居民信息, ,美国, ,"['O', 'O', 'O', 'O', 'O', 'O', 'O', 'O', 'O', 'B-PL', 'E-PL', 'O', 'O', 'O', 'O']"
659,825,求购查询服务亚马逊店铺数据, , ,亚马逊,"['O', 'O', 'O', 'O', 'O', 'O', 'B-ORG', 'I-ORG', 'E-ORG', 'O', 'O', 'O', 'O']"
660,827,求购btc0.02，支付宝打款500, , ,支付宝,"['O', 'O', 'O', 'O', 'O', 'O', 'O', 'O', 'O', 'O', 'B-ORG', 'I-ORG', 'E-ORG', 'O', 'O', 'O', 'O', 'O']"
661,828,900万当当网客户号码资料, , ,当当,"['O', 'O', 'O', 'O', 'B-ORG', 'E-ORG', 'O', 'O', 'O', 'O', 'O', 'O', 'O']"
662,830,上海最新凤楼信息, ,上海, ,"['B-PL', 'E-PL', 'O', 'O', 'O', 'O', 'O', 'O']"
663,831,求购比特币0.009支付宝打款300, , ,支付宝,"['O', 'O', 'O', 'O', 'O', 'O', 'O', 'O', 'O', 'O', 'B-ORG', 'I-ORG', 'E-ORG', 'O', 'O', 'O', 'O', 'O']"
664,832,求购比特币0.009支付宝打款310, , ,支付宝,"['O', 'O', 'O', 'O', 'O', 'O', 'O', 'O', 'O', 'O', 'B-ORG', 'I-ORG', 'E-ORG', 'O', 'O', 'O', 'O', 'O']"
665,834,6套对公账户，顺丰包邮, , ,顺丰,"['O', 'O', 'O', 'O', 'O', 'O', 'O', 'B-ORG', 'E-ORG', 'O', 'O']"
666,835,2019年亚马逊礼品卡梳理, , ,亚马逊,"['O', 'O', 'O', 'O', 'O', 'B-ORG', 'I-ORG', 'E-ORG', 'O', 'O', 'O', 'O', 'O']"
667,836,2019美国沃尔玛实物梳理教程, ,美国,沃尔玛,"['O', 'O', 'O', 'O', 'B-PL', 'E-PL', 'B-ORG', 'I-ORG', 'E-ORG', 'O', 'O', 'O', 'O', 'O', 'O']"
668,837,2019年梳理亚马逊礼品卡教程, , ,亚马逊,"['O', 'O', 'O', 'O', 'O', 'O', 'O', 'B-ORG', 'I-ORG', 'E-ORG', 'O', 'O', 'O', 'O', 'O']"
669,838,出美国手持驾照加正反面价格优惠, ,美国, ,"['O', 'B-PL', 'E-PL', 'O', 'O', 'O', 'O', 'O', 'O', 'O', 'O', 'O', 'O', 'O', 'O']"
670,839,出美国手持驾照加正反面, ,美国, ,"['O', 'B-PL', 'E-PL', 'O', 'O', 'O', 'O', 'O', 'O', 'O', 'O']"
671,840,找四件套支付宝火币号，这里一定要看！, , ,支付宝,"['O', 'O', 'O', 'O', 'B-ORG', 'I-ORG', 'E-ORG', 'O', 'O', 'O', 'O', 'O', 'O', 'O', 'O', 'O', 'O', 'O']"
672,842,法国兴业银行大陆区内部高管等联系方式, ,法国,兴业银行,"['B-PL', 'E-PL', 'B-ORG', 'I-ORG', 'I-ORG', 'E-ORG', 'O', 'O', 'O', 'O', 'O', 'O', 'O', 'O', 'O', 'O', 'O', 'O']"
673,843,百家乐包赢公式，改变赌运有缘者得, , ,百家乐,"['B-ORG', 'I-ORG', 'E-ORG', 'O', 'O', 'O', 'O', 'O', 'O', 'O', 'O', 'O', 'O', 'O', 'O', 'O']"
674,844,19年4月新出澳门新葡京11万电话数据, ,澳门,新葡京,"['O', 'O', 'O', 'O', 'O', 'O', 'O', 'B-PL', 'E-PL', 'B-ORG', 'I-ORG', 'E-ORG', 'O', 'O', 'O', 'O', 'O', 'O', 'O']"
675,846,1600万美团号码数据, , ,美团,"['O', 'O', 'O', 'O', 'O', 'B-ORG', 'E-ORG', 'O', 'O', 'O', 'O']"
676,847,中国最大招聘网智联招聘送百度有钱花数据, ,中国,"智联,百度,有钱花","['B-PL', 'E-PL', 'O', 'O', 'O', 'O', 'O', 'B-ORG', 'E-ORG', 'O', 'O', 'O', 'B-ORG', 'E-ORG', 'B-ORG', 'I-ORG', 'E-ORG', 'O', 'O']"
677,848,出网易邮箱账号5000个., , ,网易,"['O', 'B-ORG', 'E-ORG', 'O', 'O', 'O', 'O', 'O', 'O', 'O', 'O', 'O', 'O']"
678,849,CVV虚拟通道直接充值微信支付宝, , ,支付宝,"['O', 'O', 'O', 'O', 'O', 'O', 'O', 'O', 'O', 'O', 'O', 'O', 'O', 'B-ORG', 'I-ORG', 'E-ORG']"
679,850,出售比特币0.003支付宝收款100, , ,支付宝,"['O', 'O', 'O', 'O', 'O', 'O', 'O', 'O', 'O', 'O', 'B-ORG', 'I-ORG', 'E-ORG', 'O', 'O', 'O', 'O', 'O']"
680,851,专业洗衣机洗钱主营电信菠菜等业务, , ,电信,"['O', 'O', 'O', 'O', 'O', 'O', 'O', 'O', 'O', 'B-ORG', 'E-ORG', 'O', 'O', 'O', 'O', 'O']"
681,852,韩国nate邮箱70万, ,韩国, ,"['B-PL', 'E-PL', 'O', 'O', 'O', 'O', 'O', 'O', 'O', 'O', 'O']"
682,853,【自动发货】北京海南高尔夫移动老库低价出, ,"北京,海南",移动,"['O', 'O', 'O', 'O', 'O', 'O', 'B-PL', 'E-PL', 'B-PL', 'E-PL', 'O', 'O', 'O', 'B-ORG', 'E-ORG', 'O', 'O', 'O', 'O', 'O']"
683,854,2000W珍爱网数据, , ,珍爱网,"['O', 'O', 'O', 'O', 'O', 'B-ORG', 'I-ORG', 'E-ORG', 'O', 'O']"
684,855,求购300元，比特币，支付宝，微信均可, , ,支付宝,"['O', 'O', 'O', 'O', 'O', 'O', 'O', 'O', 'O', 'O', 'O', 'B-ORG', 'I-ORG', 'E-ORG', 'O', 'O', 'O', 'O', 'O']"
685,856,求购比特币0.006微信支付宝打款200, , ,支付宝,"['O', 'O', 'O', 'O', 'O', 'O', 'O', 'O', 'O', 'O', 'O', 'O', 'B-ORG', 'I-ORG', 'E-ORG', 'O', 'O', 'O', 'O', 'O']"
686,858,78w山西身份信息打包, ,山西, ,"['O', 'O', 'O', 'B-PL', 'E-PL', 'O', 'O', 'O', 'O', 'O', 'O']"
687,859,云南高校学院领导招生就业处等数据, ,云南, ,"['B-PL', 'E-PL', 'O', 'O', 'O', 'O', 'O', 'O', 'O', 'O', 'O', 'O', 'O', 'O', 'O', 'O']"
688,860,一手欧美卡料，大概50万张。, ,欧美, ,"['O', 'O', 'B-PL', 'E-PL', 'O', 'O', 'O', 'O', 'O', 'O', 'O', 'O', 'O', 'O']"
689,861,出售京东数据约5000W, , ,京东,"['O', 'O', 'B-ORG', 'E-ORG', 'O', 'O', 'O', 'O', 'O', 'O', 'O', 'O']"
690,862,出售139邮箱数据全部都带钱还在用的, , ,139邮箱,"['O', 'O', 'B-ORG', 'I-ORG', 'I-ORG', 'I-ORG', 'E-ORG', 'O', 'O', 'O', 'O', 'O', 'O', 'O', 'O', 'O', 'O', 'O']"
691,863,欧美激情四射的实验室肛交, ,欧美, ,"['B-PL', 'E-PL', 'O', 'O', 'O', 'O', 'O', 'O', 'O', 'O', 'O', 'O']"
692,865,澳门巴黎人菠菜数据带网址可验证, ,澳门, ,"['B-PL', 'E-PL', 'O', 'O', 'O', 'O', 'O', 'O', 'O', 'O', 'O', 'O', 'O', 'O', 'O']"
693,867,韩国收购大量个人信息和韩国专业洗钱团队, ,韩国, ,"['B-PL', 'E-PL', 'O', 'O', 'O', 'O', 'O', 'O', 'O', 'O', 'O', 'B-PL', 'E-PL', 'O', 'O', 'O', 'O', 'O', 'O']"
694,869,欧美巨屌黑白绝配巨乳, ,欧美, ,"['B-PL', 'E-PL', 'O', 'O', 'O', 'O', 'O', 'O', 'O', 'O']"
695,871,欧美推油按摩黑鬼白妞, ,欧美, ,"['B-PL', 'E-PL', 'O', 'O', 'O', 'O', 'O', 'O', 'O', 'O']"
696,872,欧美军事基地的寂寞剧情, ,欧美, ,"['B-PL', 'E-PL', 'O', 'O', 'O', 'O', 'O', 'O', 'O', 'O', 'O']"
697,873,十套英国手持护照加账单, ,英国, ,"['O', 'O', 'B-PL', 'E-PL', 'O', 'O', 'O', 'O', 'O', 'O', 'O']"
698,874,有出售韩国类似国内四件套请联系我, ,韩国, ,"['O', 'O', 'O', 'B-PL', 'E-PL', 'O', 'O', 'O', 'O', 'O', 'O', 'O', 'O', 'O', 'O', 'O']"
699,875,支付宝二维码或账号实名教程, , ,支付宝,"['B-ORG', 'I-ORG', 'E-ORG', 'O', 'O', 'O', 'O', 'O', 'O', 'O', 'O', 'O', 'O']"
700,877,世界二十大禁片VS中国十大禁片, ,中国, ,"['O', 'O', 'O', 'O', 'O', 'O', 'O', 'O', 'O', 'B-PL', 'E-PL', 'O', 'O', 'O', 'O']"
701,878,BC新葡京近3个月数据带网址自动发货, , ,新葡京,"['O', 'O', 'B-ORG', 'I-ORG', 'E-ORG', 'O', 'O', 'O', 'O', 'O', 'O', 'O', 'O', 'O', 'O', 'O', 'O', 'O']"
702,879,专业资金洗白代收资产转移菠菜电信, , ,电信,"['O', 'O', 'O', 'O', 'O', 'O', 'O', 'O', 'O', 'O', 'O', 'O', 'O', 'O', 'B-ORG', 'E-ORG']"
703,880,国内最大黄网，所有影片可用迅雷免费下载, , ,迅雷,"['O', 'O', 'O', 'O', 'O', 'O', 'O', 'O', 'O', 'O', 'O', 'O', 'O', 'B-ORG', 'E-ORG', 'O', 'O', 'O', 'O']"
704,881,浙江地区最新一手车主信息, ,浙江, ,"['B-PL', 'E-PL', 'O', 'O', 'O', 'O', 'O', 'O', 'O', 'O', 'O', 'O']"
705,882,浙江地区一手车主信息, ,浙江, ,"['B-PL', 'E-PL', 'O', 'O', 'O', 'O', 'O', 'O', 'O', 'O']"
706,883,美国FULLZ信用分700800, ,美国, ,"['B-PL', 'E-PL', 'O', 'O', 'O', 'O', 'O', 'O', 'O', 'O', 'O', 'O', 'O', 'O', 'O', 'O']"
707,884,支付宝收款58.80元个人私拍, , ,支付宝,"['B-ORG', 'I-ORG', 'E-ORG', 'O', 'O', 'O', 'O', 'O', 'O', 'O', 'O', 'O', 'O', 'O', 'O']"
708,885,抖音成人版安卓IOS无需充值高速播放, , ,安卓,"['O', 'O', 'O', 'O', 'O', 'B-ORG', 'E-ORG', 'O', 'O', 'O', 'O', 'O', 'O', 'O', 'O', 'O', 'O', 'O']"
709,887,洗钱套餐火币支付宝微信, , ,支付宝,"['O', 'O', 'O', 'O', 'O', 'O', 'B-ORG', 'I-ORG', 'E-ORG', 'O', 'O']"
710,888,抖音成人版IOS，安卓高速播放, , ,安卓,"['O', 'O', 'O', 'O', 'O', 'O', 'O', 'O', 'O', 'B-ORG', 'E-ORG', 'O', 'O', 'O', 'O']"
711,889,支付宝微信洗钱收款号快速出号, , ,支付宝,"['B-ORG', 'I-ORG', 'E-ORG', 'O', 'O', 'O', 'O', 'O', 'O', 'O', 'O', 'O', 'O', 'O']"
712,891,求购60美金BTC支付宝打款, , ,支付宝,"['O', 'O', 'O', 'O', 'O', 'O', 'O', 'O', 'O', 'B-ORG', 'I-ORG', 'E-ORG', 'O', 'O']"
713,892,微信支付宝火币老字号急速出货, , ,支付宝,"['O', 'O', 'B-ORG', 'I-ORG', 'E-ORG', 'O', 'O', 'O', 'O', 'O', 'O', 'O', 'O', 'O']"
714,893,平安新一贷深圳8.1万个在库资源, ,深圳,新一贷,"['O', 'O', 'B-ORG', 'I-ORG', 'E-ORG', 'B-PL', 'E-PL', 'O', 'O', 'O', 'O', 'O', 'O', 'O', 'O', 'O']"
715,894,求购比特币0.01支付宝打款300, , ,支付宝,"['O', 'O', 'O', 'O', 'O', 'O', 'O', 'O', 'O', 'B-ORG', 'I-ORG', 'E-ORG', 'O', 'O', 'O', 'O', 'O']"
716,895,低价出售，深圳平安新一贷8.1万条, ,深圳,新一贷,"['O', 'O', 'O', 'O', 'O', 'B-PL', 'E-PL', 'O', 'O', 'B-ORG', 'I-ORG', 'E-ORG', 'O', 'O', 'O', 'O', 'O']"
717,896,分享杭州地区几个姑娘信息，夜晚消遣好去处, ,杭州, ,"['O', 'O', 'B-PL', 'E-PL', 'O', 'O', 'O', 'O', 'O', 'O', 'O', 'O', 'O', 'O', 'O', 'O', 'O', 'O', 'O', 'O']"
