序号,text,entity_person,entity_place,entity_org
1,找能做【百度】【搜狗】快排的朋友,,,"搜狗,百度"
2,求购  朝鲜  高仿人民币,,朝鲜,
3,找佛山高明荷城业主信息,,"荷城,佛山,高明",
4,收个暗装支付宝相关的可测试,,,支付宝
5,高价收菠菜卡料，电信卡料。,,,电信
6,求购百度贴吧绑定手机号数据,,,百度
7,求购美团，饿了么外卖平台各城市代理电话,,,"饿了么,美团"
8,求购香港股民企业资源,,香港,
9,求购阿里内部管理人员联系方式,,,阿里
10,求购美团用户对商家的评论数据,,,美团
11,美国华人 数据 大量收,,美国,
12,收购淘宝女性客户老数据,,,淘宝
13,收购淘宝资料，大量收购。,,,淘宝
14,求购无痕破解腾讯QQ空间软件（链接）,,,腾讯
15,求购美国公民真实身份信息,,美国,
16,求购 安卓 麻将游戏  外挂 插件,,,安卓
17,求购一款iphone手机远控,,,iphone
18,出售  百度地图  谷歌地图上面所有数据,,,"谷歌,百度"
19,求购江苏地区快递数据,,江苏,
20,求购江苏镇江地区淘宝快递资料,,江苏,淘宝
21,求购母婴数据 淘宝女性购物数据,,,淘宝
22,求购韩国身份资料（四件套）,,韩国,
23,求交通银行信用卡激活方法,,,交通银行
24,求购广东省中小学学生数据,,广东,
25,一天300人民 台痴鹊睾献麾钒,,台,
26,找一两个甘肃本地的合作不算黑产,,甘肃,
27,QQ 微信 支付宝好友信息提取,,,支付宝
28,三折美国航空机票，另有各类礼品卡,,美国,
29,出售百家乐书籍 看图,,,百家乐
30,圆通10亿条快递物流数据1BTC出售,,,圆通
31,出优酷数据库6000W.只要10BTC.,,,优酷
32,出售京东礼品卡1000面值数张,,,京东
33,京东买家信息，实时数据，日均2000万条,,,京东
34,京东买家信息，实时数据，长期供应,,,京东
35,出售京东E卡100面值1600张,,,京东
36,河北电信全省1600余万手机号信息,,河北,电信
37,收购东南亚数据【账号已删】,,东南亚,
38,本月再收徒弟三个，教亚马逊刷货，和收料,,,亚马逊
39,顺丰3亿条快递物流独家数据,,,顺丰
40,出中国电信实名制无限流量卡,,中国,电信
41,中国移动神卡：独家货源/永久套餐/已实名,,中国,移动
42,出售新鲜美国亚马逊礼品卡,,美国,亚马逊
43,出售少量东南亚和澳洲CVV,,"东南亚,澳洲",
44,出售交通银行信用卡申请单数据库,,,交通银行
45,辽宁沈阳 高端联系信息15万条,,"辽宁,沈阳",
46,机械设计手册（中国、德国、美国版）打包,,"中国,德国,美国",
47,出福建，山东，上海，浙江700来万数据,,"上海,山东,浙江,福建",
48,电脑百度云svip（无需安装）下载超快,,,百度
49,时时彩程序，迪士尼乐园源码,,,迪士尼
50,百丽鞋业老总吴毅民及家庭成员个人信息,吴毅民,,百丽鞋业
51,出售破解百度云盘分享链接密码软件,,,百度
52,出售高匿名美国手机号码-质量非凡,,美国,
53,[修改价格]浙江省1000w学籍数据出售,,浙江,
54,出售二代带磁条可刷身份证实体卡顺丰包邮,,,顺丰
55,"出售实名绑卡支付宝,V1 V2。支付宝",,,支付宝
56,出售美国驾照和英美护照psd模版,,美国,
57,出售最新欧美H游戏四部,,欧美,
58,出破解百度云盘加密链接密码,,,百度
59,"代过人脸识别认证,POS\支付宝等",,,支付宝
60,出1.5W条高材生数据(211院校毕业),,,211院校
61,本人上海经侦现出售几大金融理财公司数据,,上海,
62,河北电信全省手机用户信息(第二季度数据),,河北,电信
63,2018年carding亚马逊方法,,,亚马逊
64,高价求购亚马逊个人买家号,,,亚马逊
65,k理出售一年期假德o急o照,,德,
66,出售国内腾讯网易游戏各种外挂 不限时间,,,"网易,腾讯"
67,出售台湾精品一手CVV,,台湾,
68,(重开新帖)100张电信正常话卡，速来,,,电信
69,处理一条美国101料,,美国,
70,收徒，通道，拿卡技巧，亚马逊小额通道，等,,,亚马逊
71,出售 亚马逊刷礼品卡 刷手机技术,,,亚马逊
72,两个iphonex，一个小米MIX,,,"iphone,小米"
73,有没有想学亚马逊刷电子产品的,,,亚马逊
74,手把手教亚马逊，如有需要可视频操作,,,亚马逊
75,中国大陆地区未成年少女裸体视频资源,,中国,
76,中国部分地区楼凤交流论坛分享,,中国,
77,出售澳大利亚中央昆士兰大学学士学位学历,,澳大利亚,中央昆士兰大学
78,10套有效期内的美国护照扫描件 带SSN,,美国,
79,浙江某高校学生11k条信息数据独家数据,,浙江,
80,安卓远控木马（免杀）,,,安卓
81,查身份证名下的电信号码,,,电信
82,2018美国walmart刷货攻略教程,,美国,walmart
83,出美国PayPal一年账号带GV&SSN,,美国,PayPal
84,圆通，人人，如家，汉庭等数据,,,"圆通,人人,如家,汉庭"
85,安卓手机暗网教程，送vpn,,,安卓
86,保办日本签证，所有拒签的扔过来！,,日本,
87,2018年9月最新收徒教刷美国亚马逊！,,美国,亚马逊
88,淘宝用户数据1400W邮箱密码打包,,,淘宝
89,淘宝1400W用户数据 邮箱密码,,,淘宝
90,feiku123 专拍民生注册卡,,,民生
91,【一手精品台湾CVV】价格便宜，质量完美,,台湾,
92,高品| 加拿大cc卡料,,加拿大,
93,出售日本某职业介绍所50000条数据,,日本,
94,腾讯相关社工库打包出,,,腾讯
95,降价-出破解百度云盘加密链接密码的软件,,,百度
96,出售日本某职业介绍所3百万条数据,,日本,
97,中石化智联招聘认证账号,,,"智联,中石化"
98,代购亚马逊商品4折起！,,,亚马逊
99,支付宝D0 D1通道，量大从优。,,,支付宝
100,某超大型国企智联招聘认证账号,,,智联
101,中国各省份的小姐信息,,中国,
102,中国各省份小姐信息0.002,,中国,
103,中国联通【已实名】100G不限速,,中国,联通
104,收购日本，韩国，新加坡，英国邮箱密正！,,"韩国,新加坡,英国,日本",
105,出售 移动联通电信已实名手机卡（包邮）,,,"移动,电信,联通"
106,上海医师信息-姓名、手机、邮箱、各种信息,,上海,
107,广东建设银行会员10万条,,广东,建设
108,1千份个体工商户+银行卡+法人正反手持,,,工商
109,联通实名手机卡^_^匿名必备,,,联通
110,实在看不下去了。出支付宝半实名,,,支付宝
111,(低价)陈冠希艳照门全套阿娇柏芝,"陈冠希,阿娇,柏芝",,
112,广州股票大户14W条,,广州,
113,陈冠希艳照门全套阿娇柏芝,"陈冠希,阿娇,柏芝",,
114,好莱坞艳照门国外艳照门詹妮弗斯大表姐,詹妮弗斯,,好莱坞
115,黑产微信支付宝收款方法,,,支付宝
116,包邮全新联通已实名手机卡,,,联通
117,好莱坞艳照门国外艳照门,,,好莱坞
118,陈冠希张柏芝钟欣潼艳照门全套,"陈冠希,张柏芝,钟欣潼",,
119,四川成都地区微信点点客签约用户资料,,"成都,四川",
120,2700元 北京联通三个月通话记录,,北京,联通
121,107年台辰鹑谙嚓P人T身份息,,台,
122,叶倩彤中国第一声优有声小说作品全集,叶倩彤,中国,
123,出售 英国便宜珠宝通道,,英国,
124,2700元三个月 北京联通机主通话记录,,北京,联通
125,韩国网红素材摄像头视频18部搜集不易,,韩国,
126,猛料！江苏全省机动车车主姓名.电话.地址,,江苏,
127,2016年优酷1亿数据一共5G，私拍。,,,优酷
128,卖亚马逊刷的30g黄金,,,亚马逊
129,百度云下载不限速破解会员版,,,百度
130,迅雷下载不限速破解版,,,迅雷
131,广州股票大户1W条【测试】,,广州,
132,军队内部爆破教材，含炸药的简易制备等,,,军队
133,最新广州郑筱学生私拍视频低价0.001,郑筱,广州,
134,网易52g数据0.001个比特币,,,网易
135,国内百度云泄密系列全集，统一整理，最全,,,百度
136,工商银行查询！！！菠菜老板进来看,,,工商
137,25万淘宝天猫童装店铺用户交易信息,,,淘宝
138,安卓手机 小米5s 私人拍,,,"安卓,小米"
139,陈冠希艳照门全套照片,陈冠希,,
140,广东青年医师数据-数万条,,广东,
141,解冻代取微信支付宝零钱(限制提现转账),,,支付宝
142,上海工商银行128500条信息,,上海,工商
143,福建省泉州市7000条小区业主信息,,"福建,福建省泉州市",
144,深圳平安银行存款过千万客户1242个,,深圳,深圳平安银行
145,优酷9500万+用户名及原文密码,,,优酷
146,安卓免杀木马再降价出售,,,安卓
147,专业出售国外性奴 日本 东南亚 欧洲,,"东南亚,日本,欧洲",
148,台湾新料 高额白金卡 自己钓的 绝对一手,,台湾,
149,暗网小谷歌，长效持久,,,谷歌
150,迅雷X10VIP内购破解版突破限速,,,迅雷
151,代办中国户口，护照，东南亚护照！,,"东南亚,中国",
152,代办中国户口，身份，幽灵户口，东南亚护照,,"东南亚,中国",
153,亚马逊20万数据ID姓名手机邮箱,,,亚马逊
154,求购0.0022btc支付宝回款,,,支付宝
155,当当网买家信息-101万,,,当当
156,美国 全局代理路由器,,美国,
157,美国 全局代理路由器（百分百）,,美国,
158,美国 全局代理路由器（100%）,,美国,
159,腾讯QQ群7000W旧社工库 经典库重发,,,腾讯
160,收“一手”台湾各大购物网站数据,,台湾,
161,求购0.0008btc。支付宝回款,,,支付宝
162,出售个英国cvv（100%存活）,,英国,
163,出售绝对一手美国cvv百分百存活,,美国,
164,低价出售国外安卓木马 汉化版,,,安卓
165,韩国11名绝色女主播视频109部大合集,,韩国,
166,live专拍新葡京博彩数据,,,新葡京
167,重庆某校花微信 && 全国外围经纪人微信,,重庆,
168,支付宝，微信安全匿名收款方式,,,支付宝
169,收0.005BTC本站用，支付宝转账,,,支付宝
170,老资源 陈冠希艳照门全套照片,陈冠希,,
171,6W北京民生银行金卡客户,,北京,民生
172,80W上海银行客户姓名电话身份证地址,,上海,
173,200万条以上海淘老数据,,上海,
174,美国VISA/MASTER,,美国,
175,降价重发 腾讯内部通讯录,,,腾讯
176,51G网易邮箱数据包含163126,,,网易
177,出售定制可控真人百家乐平台,,,百家乐
178,代办美国公民身份，真实合法护照。,,美国,
179,代办各国护照，以及美国墨西哥入境业务,,"墨西哥,美国",
180,PC 加拿大卡红 夜夜嫩模项目,,加拿大,
181,ssr高速新加坡节点 一年使用|  $6,,新加坡,
182,天津15岁初二学生性奴转让,,天津,
183,美国VPS SHELL 0.1BTC,,美国,
184,美国VPS SHELL 专拍,,美国,
185,企业名录+企业法人--天津市,,天津,
186,出售爱上海、爱北京楼凤站点会员信息-独家,,"上海,北京",
187,求购比特币0.0045支付宝回款220,,,支付宝
188,CVV 刷沃尔玛教程2018最新版,,,沃尔玛
189,深圳地区个人简历13W条,,深圳,
190,上海地区智联招聘个人简历45960条,,上海,智联
191,实名移动手机卡，带免费流量，遗失随时可补,,,移动
192,百家乐投标带徒本金200不到就够,,,百家乐
193,土耳其4900万公民信息数据 低价处理,,土耳其,
194,人人网500万明文密码 低价处理,,,人人网
195,淘宝买家卖家邮箱2500万,,,淘宝
196,凡客诚品20万用户数据 低价处理,,,凡客诚品
197,亚马逊中国买家20万数据低价处理,,中国,亚马逊
198,京东商城628快递单 4W条,,,京东
199,卡塔尔国家银行QNB数据 低价处理,,卡塔尔,
200,出个17年9月拖的全台湾户籍数据,,台湾,
201,出一手美国cvv，包活,,美国,
202,顶级安卓木马 随心监控手机,,,安卓
203,百度云下载不限速最新版,,,百度
204,carding亚马逊出货教学,,,亚马逊
205,出京东商城撸货百分之百退款技术教程和实战,,,京东
206,企业名录+企业法人--上海市,,上海,
207,私拍企业名录+企业法人--天津市,,天津,
208,亚马逊刷iphonexs max,,,"iphone,亚马逊"
209,30张实名辽宁电信卡COCO专拍,,辽宁,电信
210,阿里巴巴内部通讯录两份,,,阿里巴巴
211,国外沃尔玛GIFT余额账户46刀余额,,,沃尔玛
212,200G各种日本资源,,日本,
213,收0.01btc本站用，支付宝或微信秒回,,,支付宝
214,电话轰炸机，可乎到死机。（安卓）,,,安卓
215,收btc   微信支付宝秒回,,,支付宝
216,百度关键词快速排名服务,,,百度
217,2018.10.6天津凤楼最新信息50份,,天津,
218,电话轰炸机，可乎到死机。（安卓）重新发帖,,,安卓
219,卡料刷亚马逊等购物网站的基本流程,,,亚马逊
220,百度云泄密24部63G合集,,,"百度,百度云"
221,上海美罗城厕所偷拍视频11.95G,,上海,美罗城
222,日本亚马逊账号  邮箱密正,,日本,亚马逊
223,批量出售，成品淘宝店铺，闲鱼店铺,,,"淘宝,闲鱼"
224,420万爱奇艺会员充值用户手机号码,,,爱奇艺
225,收0.01btc，wx或支付宝回款450,,,支付宝
226,收购0.1比特币，支付宝回款4500！,,,支付宝
227,企业名录+企业法人--深圳市,,深圳,
228,批量出售成品淘宝店铺闲鱼店铺,,,"淘宝,闲鱼"
229,400多个美国老总名片,,美国,
230,中国移动匿名卡，带复印件，服务密码,,中国,移动
231,上海00年-05年部分出生信息8万条,,上海,
232,1.2W浙江高尔夫球场会员姓名电话,,浙江,
233,500名深圳市公司财务总监通讯录,,深圳,
234,16W接近17W条深圳企业法人数据,,深圳,
235,1200条精准浙江杭州公司客户,,"杭州,浙江",
236,广州建设银行1W条开户数据,,广州,建设
237,阿里巴巴99万企业数据,,,阿里巴巴
238,重开京东商城买商品退款技术教程,,,京东
239,北京工商银行102万数据 低价处理,,北京,工商
240,北京建设银行50万数据 低价处理,,北京,建设
241,72787条深圳航空VIP会员数据,,深圳,深圳航空
242,225665条广州航空数据,,广州,广州航空
243,8000多条广东某校学生档案,,广东,
244,北京民生银行金卡64451条,,北京,民生
245,深圳平安银行存款过千万客户1243条,,深圳,深圳平安银行
246,深圳工商银行VIP37000条,,深圳,工商
247,深圳银行会员41817条,,深圳,
248,深圳业主银行卡号3500条,,深圳,
249,企业名录+企业法人--重庆市,,"重庆市,重庆",
250,广州工行大客户名单30060条 低价处理,,广州,工行
251,广州工行白金卡名单11万条,,广州,
252,深圳建设银行车主22万条 低价处理,,深圳,建设
253,上海工商银行大额存款客户17886条,,上海,工商
254,上海建设银行客户7万条 低价处理,,上海,建设
255,新拿的杭州一电子公司服务器shell,,杭州,
256,上海交行太平洋金卡会员11276条,,上海,交行
257,上海民生银行金银钻客户30239条,,上海,民生
258,上海各大银行会员45万条,,上海,
259,上海银行贵宾客户106807条,,上海,
260,上海银行会员原始文件和配对文件,,上海,
261,上海招商银行19万条，低价处理,,上海,招商
262,上海中信银行4504条客户资料,,上海,中信银行
263,深圳各银行贵宾卡用户16万 低价处理,,深圳,
264,企业名录+企业法人--广东省,,广东,
265,深圳业主银行数据 低价处理,,深圳,
266,深圳招商银行金卡会员1.3万 低价处理,,深圳,招商
267,深圳中信银行会员20016条,,深圳,中信银行
268,高价收近期日本邮箱数据,,日本,
269,出售（韩国摄像头数据1000个）,,韩国,
270,黑客专门接日本博彩网站，需要的人来！,,日本,
271,出售美国 德国 阿联酋C料,,"德国,美国",
272,企业名录+企业法人--山东省,,山东,
273,企业名录+企业法人--浙江省,,浙江,
274,"盐酸曲马多,辽宁药厂生产的,懂的来.",,辽宁,
275,企业名录+企业法人--江苏省,,江苏,
276,收购淘宝足迹推送软件,,,淘宝
277,安卓魔力宝盒 老司机 免费看直播 av,,,安卓
278,企业名录+企业法人--福建省,,福建,
279,浙江上海千万以上富豪数据 独家出售,,"上海,浙江",
280,台湾105万邮箱明文密码,,台湾,
281,有没有收淘宝订单的实时数据,,,淘宝
282,出售 韩国家庭摄像头数据可打开观看,,韩国,
283,黑客接单日本菠菜网站,,日本,
284,企业名录+企业法人--山西省,,山西,
285,最新版安卓APP内购VIP破解版,,,安卓
286,出淘宝漏洞教程一份年入15W不是问题,,,淘宝
287,翻墙vpn只支持安卓,,,安卓
288,重磅迷奸倾情巨献香港嫩模被迷奸,,香港,
289,160万条 智联招聘数据库,,,智联
290,求联通营业厅dalao合作,,,联通
291,三网名下号150RMB 顺丰 淘宝,,,"顺丰,淘宝"
292,ios windows 安卓进入暗网方法,,,安卓
293,独家-饿了么-新账号漏洞无限制下单,,,饿了么
294,中国的艾滋病患者档案,,中国,
295,代办中国户口，护照，注销户口黑户,,中国,
296,香港收化妆品、数码、PC配件等物品,,香港,
297,德国打工，包落地，包找工作,,德国,
298,求购俄罗斯拉霸老虎机源码,,俄罗斯,
299,土木在线540万数据 自动发货,,,土木在线
300,求购香港的股民电话号码,,香港,
301,求购0.005BTC微信支付宝打款200,,,支付宝
302,收0.002btc 支付宝回款100,,,支付宝
303,山西省官员数据 低价处理,,山西,
304,急。收0.002btc 支付宝回款100,,,支付宝
305,收btc 微信支付宝秒回,,,支付宝
306,Re: 陈冠希张柏芝钟欣潼艳照门全套,"陈冠希,张柏芝,钟欣潼",,
307,澳门百家乐公式，语音指导你，网上陪打,,澳门,百家乐
308,出售国外性奴 欧美 东南亚 日本,,"东南亚,欧美,日本",
309,收一手移动联通电信通话详单，有量有价。,,,"联通,移动,电信"
310,香港D罩杯巨RU二线明星被灌醉后随意玩,,香港,
311,洗白 洗各种料转移，拦截同步回访电信等,,,电信
312,求购比特币0.005微信支付宝打款200,,,支付宝
313,香港足彩高手实时推单,,香港,
314,收0.004btc 支付宝微信回款220,,,支付宝
315,美国公民fullz（个人信息）,,美国,
316,出售安卓看片app，每日更新,,,安卓
317,出一个淘宝广告引流方面的具体流程,,,淘宝
318,最新安卓远控手机木马源码！！！,,,安卓
319,五部iphonexs,,,iphone
320,一个iphonexs max,,,iphone
321,韩国限制级影片167部,,韩国,
322,百度网盘免费满速下载工具,,,百度
323,求购facebook营销模式,,,facebook
324,国产自拍新疆维族妹子做爱视频6部,,新疆,
325,降价，上海各级官员，党员信息，180W条,,上海,
326,淘宝通杀教程与电商运营教程,,,淘宝
327,移动联通实名卡，可选号段,,,"移动,联通"
328,卖一个iphonexs max金色,,,iphone
329,京东闪电退款不退货教程,,,京东
330,企业名录--企业法人|贵州,,贵州,
331,【重开贴】淘宝退款不退货教程,,,淘宝
332,新品上架！！！绝对一手 淘宝数据,,,淘宝
333,收btc0.002个，支付宝回款100,,,支付宝
334,中共内部国保培训教材(159页),,,中共
335,"出售百家乐刷水软件,永久免费",,,百家乐
336,一手美国cvv 包活,,美国,
337,求购比特币0.001支付宝打款40,,,支付宝
338,求购比特币0.001微信或支付宝打款45,,,支付宝
339,2018年电信大楼全景厕拍,,,电信
340,出售百度网盘资源搜索和密码查询软件,,,百度
341,深圳美女被迷奸后大玩捆绑,,深圳,
342,腾讯分分彩稳定盈利公式方法,,,腾讯
343,收淘宝 京东 拼多多 历史 实时订单数据,,,"京东,淘宝,拼多多"
344,出售谷歌邮箱1000W以上,,,谷歌
345,收购淘宝京东 小购物商城数据 网贷数据,,,"京东,淘宝"
346,可以提供台湾/香港地区代收代发货服务的来,,"台湾,香港",
347,出50w条一手中国区AppleID,,中国,
348,求购0.01比特币支付宝打款400,,,支付宝
349,VR资源 韩国妹子穿韩服爆乳足交！2G,,韩国,
350,一手韩国 网站数据邮箱格式+密码,,韩国,
351,深圳银行按揭房业主贷,,深圳,深圳银行
352,{高价收}淘宝京东网购 网贷 快递等数据,,,"京东,淘宝"
353,出售百度网盘账号，隐私下载从此不成问题,,,百度
354,"超低价出酒店开房,淘宝,163等的社工库",,,淘宝
355,浙江千万以上富豪通讯录几十万条,,浙江,
356,求购0.0045，支付宝回200,,,支付宝
357,求购一个facebook账号,,,facebook
358,需要一手台湾库料JCB,,台湾,
359,3200条厦门建设银行信用卡审批通过数据,,厦门,建设
360,中国党政军情报机构详解资料,,中国,
361,售facebookぬ,,,facebook
362,上海各级党政机关单位人员信息100万条,,上海,
363,机特工备份同步支持所有安卓机器,,,安卓
364,出6个iphonexs max,,,iphone
365,企业名录--华西北区,,华西北区,
366,企业名录--华西南区,,华西南区,
367,求购比特币0.05支付宝打款2000,,,支付宝
368,求购比特币0.03支付宝打款1200,,,支付宝
369,求购比特币0.02支付宝打款800,,,支付宝
370,求购微信和支付宝商户号,,,支付宝
371,收0.002btc 支付宝回款50,,,支付宝
372,正规代缴中国国内汽车6分以下违章不扣分,,中国,
373,出一个iphonexs max 256,,,iphone
374,苹果iphone xsmax低价出售,,,iphone
375,出贷款 淘宝数据 持续更新,,,淘宝
376,#特价活动#17年顺丰3亿条快递物特价,,,顺丰
377,全国联通营业厅数据  7W+,,,联通
378,VIP迅雷VIP百度网盘另送看搜索工具,,,"迅雷,百度"
379,真正的苍井空无码！无码！无码  种子,苍井空,,
380,柳州莫菁门女主风韵犹存身材极品看了流鼻血,,柳州,
381,各种迅雷种子，H 软件，黄游,,,迅雷
382,高价求购厦门一手业主车主数据,,厦门,
383,求购本站比特币0.006，支付宝回260,,,支付宝
384,企业名录------华东南,,华东南,
385,企业名录-海淀区科技公司,,海淀,海淀区科技公司
386,珍爱网500万用户明码 0.001BTC,,,珍爱网
387,呼死你无敌安卓版低价,,,安卓
388,出售美国区Apple ID账号密码,,美国,
389,企业支付宝V2支付宝出售企业主体,,,支付宝
390,上海大学生桑梦珍色情视频,,上海,桑梦珍
391,东南亚白胖子系列2小时40分完整原版,,东南亚,
392,"求购比特币0.001微信,支付宝打款45",,,支付宝
393,"实名联通卡，13,15号段，带50费",,,联通
394,收一段网页安卓植马代码,,,安卓
395,自动发货韩国游戏论坛站用户数据58万,,韩国,
396,800w成都本地数据,,成都,
397,（自动）安卓悟饭游戏厅破解永久SVIP,,,安卓
398,明星脸酷似迪丽热巴，双飞姐俩抢J8吃,迪丽热巴,,
399,最新台湾空军7X7联队海外流出版204P,,台湾,
400,收二手淘宝订单数，超大量需求,,,淘宝
401,Joker-出售企业支付宝主号,,,支付宝
402,成都天使之翼整形医院客户数据12280条,,成都,天使之翼
403,190万 上海市中共党员信息,,上海,中共
404,北京上海嫖娼论坛地址，有照片,,"上海,北京",
405,湖北某高校学生独家数据3.5w条,,湖北,
406,求比特币0.0078，支付宝回340,,,支付宝
407,广东中孚泰内部通讯录 自动发货,,广东,中孚泰
408,花呗与京东白条自己套现的方法,,,"京东,花呗"
409,日本超高质量AV视频 黑丝情趣内衣诱惑,,日本,
410,求购湖北黄石初中高中家长地址电话数据,,"湖北,黄石",
411,1470W淘宝数据0.001低价出,,,淘宝
412,中国式家长破解版宝宝必须系统,,中国,
413,安卓版VIP浏览器APP,,,安卓
414,出一手台湾库料  只有台湾的其他没有,,台湾,
415,QQ闪照破解程序，安卓版,,,安卓
416,上海34个基金行业通讯录|自动发货,,上海,
417,求比特币0.009，支付宝回390,,,支付宝
418,暴走WIFI密码爆破安卓版,,,安卓
419,求大连市每个月房产局下新房数据,,大连市,
420,美国陆军司令部《美军生存手册》,,美国,陆军
421,台湾版《特警战术技巧手册》,,台湾,
422,企业名录---华中东！,,华中东,
423,收购支付宝用户数据，支付宝账号和支付密码,,,支付宝
424,一个iphonexs max 512g,,,iphone
425,收购淘宝客QQ微信推广的工具和教程,,,淘宝
426,求破越南W站!!!!,,越南,
427,目前有一套中国银行 四件套,,中国,中国银行
428,收0.002btc 支付宝回款80,,,支付宝
429,出一手台湾购物订单信息,,台湾,
430,收0.0025，支付宝回100,,,支付宝
431,安卓以及ios进入暗网方法，简单秒懂,,,安卓
432,淘宝2500万用户邮箱数据库（完整版）,,,淘宝
433,出售AG真人百家乐刷水教程,,,百家乐
434,上海美罗城厕所高清偷拍30部 12.3G,,上海,美罗城
435,出售AG真人视讯-百家乐-刷水教程,,,百家乐
436,低价出移动数据+购物数据+刚脱的还热乎,,,移动
437,最新版安卓远控|入侵工具,,,安卓
438,出售企业支付宝主号，零关联主号！！,,,支付宝
439,5T大容量永久微软云盘账号，下载不限速,,,微软云盘
440,学信网认证，美国各大名校均可，真实可靠,,美国,学信网
441,做嗅探采集需要查建设银行看过来,,,建设
442,Zoraki 925手.在台,,台,
443,中国大陆政府如何控制媒体详解,,中国,
444,网易163邮箱账号密码26.7G,,,网易
445,求购 台湾 网购资料 旅行社资料 等,,台湾,
446,手把手教你淘宝打假，语音教,,,淘宝
447,寻：百度关键词排名 大佬,,,百度
448,提供真实美国英国等国家护照,,"美国,英国",
449,工作室韩国游戏数据整合出售,,韩国,
450,安卓最强大渗透软件0.0011btc,,,安卓
451,最新版安卓木马远控|入侵工具,,,安卓
452,本人工商银行卡冻结20万元!求解卡！,,,工商
453,0.061BTC招商银行专拍,,,招商
454,欧美酒吧群趴，高清73G近百部,,欧美,
455,出售阿里巴巴高管通讯录1000条,,,阿里巴巴
456,"出一手美国免验证cvv,不活免费换",,美国,
457,教几个徒弟日本刷货，学会出货后再给钱,,日本,
458,"ios,安卓，系统上暗网，送vpn",,,安卓
459,出售台湾军事情报资料,,台湾,
460,出加拿大cvv 自己钓的 一手料 包活,,加拿大,
461,万科集团通讯录  自动发货,,,万科
462,上海1W个小姐联系方式（实测）,,上海,
463,专业淘宝打假，手把手教，语音指导。,,,淘宝
464,电话短信轰炸机，只有安卓+网页+电脑端,,,安卓
465,收购 台湾优质数据 欢迎大量黑客大神合作,,台湾,
466,万达集团通信录，截止2017年10月份。,,,万达
467,中兴公司通信录~~~2万多条信息,,,中兴公司
468,京东一万条数据，都是人才！！！,,,京东
469,#限量活动#17年顺丰3亿条快递物特价,,,顺丰
470,\意收湖北，南一手女性,,"南,湖北",
471,拿一个人的信息，提供支付宝收款码，QQ号,,,支付宝
472,出售十几套英国手持护照,,英国,
473,搜狗浏览器搜索记录500W，低价甩,,,搜狗
474,改价重发英国亚马逊礼品卡！,,英国,亚马逊
475,台湾香港消费过的ID 要账号密码,,"台湾,香港",
476,百度网盘的破解版亲测可用,,,百度
477,求购淘宝或者宝妈女性购物数据,,,淘宝
478,出售安卓短信拦截源码,,,安卓
479,百度云盘不限速下载（自动发货）,,,百度
480,柬埔寨绿巨人狗推广卖数据,,柬埔寨,
481,提供手机号 查顺丰快递单,,,顺丰
482,求购比特币0.022支付宝打款100,,,支付宝
483,求购比特币0.0022支付宝打款100,,,支付宝
484,"求购比特币0.0055,支付宝回款220",,,支付宝
485,朝鲜最新武器试验情报,,朝鲜,
486,求购澳门料 有的私信,,澳门,
487,腾讯大王卡、已经实名认证，140一张,,,腾讯
488,世界级浪女帕丽斯希尔顿和前男友做爱视频,,,希尔顿
489,230万淘宝店铺店主联系方式,,,淘宝
490,上海职业能力考试院网站考试报名信息提取,,上海,
491,安卓翻墙软件专业破解版+安卓上暗网教程,,,安卓
492,【666】上海考试院网站报名信息提取,,上海,
493,求购湖北省的家长资源,,湖北,
494,京东一元撸羊毛教程（自动发货）,,,京东
495,淘宝店230万卖家联系方式,,,淘宝
496,卫生部医学研究院数据库,,,卫生部医学研究院
497,安卓炒鸡好用的变声软件,,,安卓
498,求比特币0.0063，支付宝回200,,,支付宝
499,求购湖北全省家长信息资源,,湖北,
500,日本真人性爱教学视频  柔软性爱,,日本,
501,京东7万多条账号密码,,,京东
502,京东39万老账号数据,,,京东
503,迅雷X版10级vip满速下载（自动发货）,,,迅雷
504,百度云泄密 1-31部 最全，质量相当棒,,,百度云
505,9月份广州华夏贷款数据3994条,,广州,华夏
506,求购站内0.0008比特币支付宝回款,,,支付宝
507,求购 iphone xr max,,,iphone
508,求0.0067，支付宝回200,,,支付宝
509,求购湖北省全省学校家长资源,,湖北,
510,求购比特币0.0002支付宝汇款 vx,,,支付宝
511,美国护照，模版 账单模版便宜出,,美国,
512,低价出售淘宝店铺店主联系方式,,,淘宝
513,英国护照照片60张打包出,,英国,
514,十张韩国，五张印尼护照打包出,,"韩国,印尼",
515,五套美国驾照正反面，便宜打包出,,美国,
516,韩国漂亮女主播---低价,,韩国,
517,求购surfacebook2 ，15寸,,,surfacebook
518,打包出美国驾照，正反面八套,,美国,
519,安卓破解无限版VPN,,,安卓
520,最新最强大国外安卓远程控制木马完美汉化版,,,安卓
521,安卓免杀木马获取验证码合作也行,,,安卓
522,出售支付宝现金汇率100:65,,,支付宝
523,百家乐包赢技术公式，非理论,,,百家乐
524,#重开#《支付宝》汇率65:100,,,支付宝
525,线下实名制手机卡，移动联通电信均可,,,"联通,移动,电信"
526,打包出7套香港身份证正反，加手持,,香港,
527,江苏省中学教师老师手机号码名录4864条,,江苏,
528,江疏影视频+杨幂迷奸视频,"杨幂,江疏影",,
529,收购0.001 btc 支付宝45,,,支付宝
530,安卓破解版翻墙VPN梯子速度美气嘎嘎,,,安卓
531,(求购)广州 佛山 中山楼盘到访客户信息,,"广州,佛山",
532,打包出美国驾照9套正反,,美国,
533,10套英国手持护照，加账单,,英国,
534,蓝灯安卓破解vpn无限流量自动发货,,,"安卓,蓝灯"
535,出iphonexs max,,,iphone
536,1500万台湾邮箱明文密码,,台湾,
537,194万德国邮箱明文密码,,德国,
538,圆通10亿条快递物流数据$5000出售,,,圆通
539,寻香港地区Carding货物接货销售,,香港,
540,京东 淘宝0元撸实物教程,,,"京东,淘宝"
541,出几百张电信13 15 18 19,,,电信
542,大量收购中国女性数据库,,中国,
543,香港迪士尼电子门票票价6折，拍前先咨询,,香港,迪士尼
544,京东拆单 0成本撸商品实战教程 自动发货,,,京东
545,出售淘宝十月份女装数据,,,淘宝
546,网易邮箱明文密码100万条 低价处理,,,网易
547,网易邮箱365万数据 低价处理,,,网易
548,低价出售美团100%退款,,,美团
549,出个破解版不限速+不嫌敏迅雷+满血百度云,,,"迅雷,百度云"
550,《收购》京东商城高级魔镜账户,,,京东
551,出售淘宝订单数据 整店数据,,,淘宝
552,美团退款教程百分百成功自动发货,,,美团
553,网易邮箱1.5亿条明文-低价-撞库必备,,,网易
554,网易邮箱1100万-明文-低价处理,,,网易
555,"求购比特币,0.02 支付宝打款900",,,支付宝
556,557349英国料有的进,,英国,
557,浙江学籍初高中小学姓名家长手机学校,,浙江,
558,出一个不用自己支付宝=银行卡=的收款方法,,,支付宝
559,出售0.08比特币微信或者支付宝都可以,,,支付宝
560,求购btb0.001微信支付宝回款，谢谢,,,支付宝
561,收江苏省南通市区3-12岁家长联系方式,,"江苏,南通",
562,中国石油期货数据一手刚脱,,中国,
563,泡台妹神器，无非VPN即可勾搭台湾妹子,,台湾,
564,【诚信收购 秒到款】天津、河北、辽宁数据,,"天津,辽宁,河北",
565,美国过来的银行转账盗刷教学文章,,美国,
566,求购广州市应届初中家长电话数据。,,广州,
567,139邮箱，部分密正,,,139邮箱
568,180出售联通实名手机卡  量大优惠,,,联通
569,中共高官关系图及中共一些新老机密资料,中共高官,,中共
570,60万个网易邮箱账号,,,网易
571,60万个网易邮箱账号，用途自己开发,,,网易
572,京东淘宝12月12日销售物流数据,,,"京东,淘宝"
573,东南亚无国界漫游偷渡,,东南亚,
574,万豪酒店集团数据泄露资料,,,万豪
575,出英国手持护照12套自动发货,,英国,
576,收实名认证的阿里云账号。,,,阿里
577,"出售0.0025比特币,66元支付宝.",,,支付宝
578,求购比特币用于激活账户，微信支付宝打款,,,支付宝
579,0.003比特币 支付宝微信90,,,支付宝
580,加拿大网络赌场空手套白狼,,加拿大,
581,3000W爱奇艺账号密码,,,爱奇艺
582,长期接韩国网站渗透脱裤SHELL,,韩国,
583,圆通10亿条快递物流数据,,,圆通
584,长期出售银行卡，支付宝，微信以及对公账号,,,支付宝
585,香港邮箱数据部分密正,,香港,
586,美国实体手机卡 微信 voice 签证,,美国,
587,专业代办中国户口新建，护照，注销户口,,中国,
588,长期大量收美国带余额ID，有的私我,,美国,
589,九五出币：0.001起支付宝收款,,,支付宝
590,支付宝内部解封账号，冻结账号解封,,,支付宝
591,高金额马来西亚网银账号,,马来西亚,
592,45万额度马来西亚网银,,马来西亚,
593,第一手马来西亚买家信息1000份,,马来西亚,
594,218M土耳其身份证数据,,土耳其,
595,台耻商 簿子提款卡 每天有,,台,
596,【成人版】抖阴 下载支持 苹果和安卓,,,安卓
597,1份0.003，85人民币走支付宝,,,支付宝
598,淘宝订单数据；京东订单数据；实时数据更新,,,"京东,淘宝"
599,246份中国大陆护照签证扫描件,,中国,
600,CC大额 美国VISA 自动发货不墨迹,,美国,
601,出售，百度网盘账号，10个，60元,,,百度
602,CC 美国 VISA 自动发货,,美国,
603,江西移动集客数据-整理后610000条,,江西,移动
604,"中国联通店员数据,带身份证银行卡",,中国,联通
605,求购比特币0.001微信支付宝打款45,,,支付宝
606,一手台湾邮箱MD5加密 自己去解800条,,台湾,
607,求购比特币0.003 支付宝打款120,,,支付宝
608,京东快递员信息数据18年10月,,,京东
609,大量支付宝V1v2账号,,,支付宝
610,支付宝微信pp等同名开卡,,,支付宝
611,97后-08后上海小中高学生数据,,上海,
612,求购btc币  0.003支付宝100,,,支付宝
613,服务器全球的服务器 美国 香港 菲律宾,,"美国,香港,菲律宾",
614,长期收腾讯XSS，长期有效！,,,腾讯
615,独家，深圳某大型银行住房贷款3000条！,,深圳,
616,亚马逊卖家信息历史数据5万个打包,,,亚马逊
617,[VR资源]第一视角 干日本女人 和服,,日本,
618,云上贵州5月份数据171W条。,,,云上贵州
619,收购10美元，付70RMB微信或者支付宝,,,支付宝
620,5000+澳门威尼斯人数据,,澳门,
621,出售英国护照单页十套打包出,,英国,
622,电信、移动无限流量卡,,,"移动,电信"
623,求购电信复制卡技术大神,,,电信
624,出售比特币0.002支付宝收款60.,,,支付宝
625,一手韩国 网站数据邮箱格式+密码 第二包,,韩国,
626,Mac百度网盘下载不限速,,,百度
627,实名绑卡支付宝账号，有样品图,,,支付宝
628,长期稳定快递淘宝实时单，寻稳定包天客户。,,,淘宝
629,商家支付宝数据|自动发货,,,支付宝
630,王者荣耀玩家联通手机号码70万|自动发货,,,"联通,王者荣耀"
631,出币0.008支付宝收款240,,,支付宝
632,全新收款方式  支付宝收款时时秒到银行卡,,,支付宝
633,求购一手日本邮箱数据，求技术拿站长期合作,,日本,
634,求购日本一手邮箱数据，求技术长期合作拿站,,日本,
635,回收0.2BTC，微信支付宝回款4000,,,支付宝
636,收0.1BTC 微信支付宝回款2000,,,支付宝
637,出售比特币0.015微信支付宝收款400,,,支付宝
638,【直播盒子】有120个直播源，安卓,,,安卓
639,33部欧美萝莉与大叔精品合集,,欧美,
640,收1200人民币比特币！支付宝回款，秒回,,,支付宝
641,高价大量收日本一手邮箱数据库,,日本,
642,长期大量高价收日本一手邮箱数据库,,日本,
643,长期高价求购日本一手邮箱数据,,日本,
644,长期高价收购日本一手邮箱数据库,,日本,
645,北京民生银行金卡数据（目测5万多条）,,北京,民生
646,求购QQ腾讯盗号木马，整套源码。价格美丽,,,腾讯
647,回收0.1比特币 微信支付宝回款2100,,,支付宝
648,淘宝女性网购一手实时数据,,,淘宝
649,美国及豁免国护照，协助离开中国,,"中国,美国",
650,求购欧洲ID+护照+半身照,,欧洲,
651,广东地下钱庄接全球洗钱业务,,广东,
652,3D人体仿真解刨安卓高级版APP,,,安卓
653,200W某著名全球奢侈品中国客户数据,,中国,
654,长期求购日本各类数据,,日本,
655,上海航空vip，共3w+，低价出售,,上海,
656,出已过人脸识别认证的支付宝账号,,,支付宝
657,收中国银行卡信用卡数据,,中国,
658,400万gmail邮箱,,,gmail
659,苍井空-苍老师视频合集 mega盘,苍井空,,
660,收购日本手机卡，或者日本接码平台渠道,,日本,
661,中国领导人历史（禁书）,,中国,
662,求购腾讯QQ空间权限破解软件,,,腾讯
663,"交通银行白金卡数据,19.2w条",,,交通银行
664,2019上海长宁经侦流出几大金融平台数据,,上海,
665,出联通冰激凌卡，躲债利器，收账必备！,,,联通
666,永久0月租的移动手机卡购买途径,,,移动
667,淘宝网购数据 最新一手数据,,,淘宝
668,淘宝化妆品数据40w,,,淘宝
669,淘宝化妆品数据43w,,,淘宝
670,cosplay极品伪娘，两部[百度网盘],,,百度
671,CVV礼品卡虚拟通道/直接充值微信支付宝,,,支付宝
672,收淘宝女性订单/宝妈数据,,,淘宝
673,收二手三手淘宝女性订单手机号/宝妈手机号,,,淘宝
674,阿里的朋友帮忙查几个内部联系方式,,,阿里
675,阿里的朋友进，帮忙查几个内部联系方式,,,阿里
676,自创英国亚马逊礼品卡盗刷方法（两种）,,英国,亚马逊
677,出一手淘宝女性网购数据，最新提取,,,淘宝
678,收二手三手淘宝女性手机号/母婴系列手机号,,,淘宝
679,收本站btc 微信支付宝回款,,,支付宝
680,美国及豁免国护照，帮你离开中国,,"中国,美国",
681,开设美国银行账户，人民币出境,,美国,
682,协助开设美国银行账户，人民币出境,,美国,
683,（澳大利亚）最新一手数据,,澳大利亚,
684,（加拿大）最新一手数据,,加拿大,
685,（英国）最新一手数据,,英国,
686,（法国）最新一手数据,,法国,
687,（日本）最新一手数据,,日本,
688,（俄罗斯）最新一手数据,,俄罗斯,
689,（意大利）最新一手数据,,意大利,
690,（德国）最新一手数据,,德国,
691,侦探查人、找人-仅限美国,,美国,
692,广东省内 意外单15BT,,广东,
693,出美国企业营业执照100套,,美国,
694,代开英国账户，满足你匿名收付款需求,,英国,
695,日本兽父和自己10岁的小学宝贝女儿合集,,日本,
696,求购0.02BTC，支付宝微信付款450,,,支付宝
697,出台湾一手裸c  部分是全资  可以挑头,,台湾,
698,马来西亚欧洲卡料。赠送直冲微信支付宝通道,,"马来西亚,欧洲",支付宝
699,日本女高中生在学校大胆露出,,日本,
700,深圳的2个验证过的美女资源,,深圳,
701,深圳市保单保险数据/一手数据,,深圳,
702,验证的深圳美女服务信息,,深圳,
703,亚马逊刷礼品卡教程 文字教程 详细步骤,,,亚马逊
704,查几个阿里内部的联系方式,,,阿里
705,出售新加坡最大运营商数据及权限,,新加坡,
706,16年京东12G(500美元),,,京东
707,高清-俄罗斯硬核重口夫妻调教4岁女儿,,俄罗斯,
708,日本亚马逊最新梳理方法,,日本,亚马逊
709,出本站共0.07btc 支付宝收款,,,支付宝
710,山东6W+医生信息|自动发货,,山东,
711,出售新加坡最大运营商权限及数据等,,新加坡,
712,求购0.02btc支付宝付款450,,,支付宝
713,深圳超高端住宅业主一手联系方式,,深圳,
714,最新良家泄露天津李XXX被黑l流出,,天津,
715,[稀有资源]山西万荣祖孙三代乱伦最全合集,,"山西,万荣",
716,出售新加坡最大运营商数据及权限等,,新加坡,
717,八达通 专接香港电汇款 各项业务整合,,香港,
718,前段时间很火的韩国小女神2套合集收藏版,,韩国,
719,出一个日本实物通道，发货速度非常快,,日本,
720,日本实物通道，发货速度无敌,,日本,
721,出售新加坡最大运营商权限及数据,,新加坡,
722,深圳韵动家园教钢琴的兼职MM,,深圳,
723,出0.1btc支付宝或微信收款1500,,,支付宝
724,10个欧美亚BTC赌场资源网址,,欧美,
725,求购0.02btc 支付宝或微信600元,,,支付宝
726,想要百度或者360内部最新的通讯录,,,"百度,360"
727,杭州27位千级亿级富豪有用的1美金拿走,,杭州,
728,澳门的嫖娼方式分享，有照片,,澳门,
729,深圳挺不错的钢琴女老师,,深圳,
730,打包出246张中国护照照片,,中国,
731,深圳-高端隐秘的私密制服诱惑游戏,,深圳,
732,帮忙注册英国网络银行卡 3-7天收卡,,英国,
733,出售香港迪士尼乐园电子门票-咸鱼转暗网,,香港,迪士尼
734,"澳门三个嫖娼论坛地址,有照片",,澳门,
735,求购比特币0.02微信支付宝打款500,,,支付宝
736,500元求购0.02btc支付宝微信均可,,,支付宝
737,澳门三种嫖娼方式分享,,澳门,
738,16.7W条重庆车主数据166770条,,重庆,
739,几十万条四川成都小区业主名单,,"成都,四川",
740,俄罗斯父亲和两个漂亮女儿的日常生活,,俄罗斯,
741,20张韩国护照打包自动发货,,韩国,
742,2018淘宝女装1W条3美金自动发货,,,淘宝
743,猎人王淘宝数据打包1000,,,淘宝
744,出售比特币0.02支付宝收款560,,,支付宝
745,大量提供美国银行账户，提供全套资料无后患,,美国,
746,出售一批美国银行账号被封号,,美国,
747,出一个短信轰炸机安卓可用,,,安卓
748,出售美国版四件套，美国银行卡+证件扫描,,美国,
749,百度网盘破解版（永久vip）,,,百度
750,安卓监听黑科技-稳定可靠！,,,安卓
751,出0.03393支付宝收880,,,支付宝
752,求购比特币0.01支付宝打款200,,,支付宝
753,浙江某教师招聘系统数据,,浙江,
754,求购btc 0.01微信支付宝打款180,,,支付宝
755,日本}莉真DVD---,,日本,
756,收-美国亚马逊扫号器--无C绑卡测活站-,,美国,亚马逊
757,安卓手机直装阿狸性爱APP,,,安卓
758,中国十大禁书当今必看,,中国,
759,收成都企业电话数据，长期收.。。。。。,,成都,
760,求购全国美团、饿了么各级代理电话号码,,,"饿了么,美团"
761,300万收最新贷款数据招商数据 实力的来,,,招商
762,安卓ios  稳定vpn软件,,,安卓
763,腾讯分分彩全自动挂机系统（盈利稳定）,,,腾讯
764,安卓 老司机多功能直播盒子,,,安卓
765,安卓 老司机多功能直播盒子(大量打包),,,安卓
766,出售站内0.15比特币，支付宝收款!,,,支付宝
767,广东省滴滴打人 继续营业,,广东,
768,求购韩国身份资料*（四件套）,,韩国,
769,匿名百度网盘2T版，3.98美金一个,,,百度
770,456名广东医学院硕士生导师名单,,广东,
771,出售银行卡四件套（绑定微信支付宝）,,,支付宝
772,出售一个高中性奴，在重庆!,,重庆,
773,风控支付宝 微信，唯一绑卡提现方法,,,支付宝
774,韩国娱乐圈卖淫33部全集,,韩国,
775,三款安卓远控免杀木马 降价出售 附带教程,,,安卓
776,5W条香港壹传媒用户数据邮箱电话密码,,香港,
777,杨幂不雅视频 我老公呢？,杨幂,,
778,经典日本13岁幼女合集,,日本,
779,接支付宝，微信，QQ实名认证,,,支付宝
780,求购比特币0.02微信支付宝打款550,,,支付宝
781,广东80万女性联系方式,,广东,
782,鲜活一手美国cvv100％精品,,美国,
783,杭州680万移动身份信息,,杭州,移动
784,一手整理杭州身份信息35万,,杭州,
785,成都1054条新购房户主联系方式,,成都,
786,2019最近亚马逊刷实物和礼品卡方法,,,亚马逊
787,3D色情游戏大全，安卓也可以玩,,,安卓
788,色情游戏大全，安卓也都有，应有尽有,,,安卓
789,自动发货 广州企业员工通讯录89000条,,广州,
790,求购谷歌礼品卡10美或100的指定单,,,谷歌
791,安卓拍照取字v2.4.3破解版,,,安卓
792,最全中共官员太子党关系图各集团利益关系,"中共官员,太子党",,中共
793,4.1W条韩国购物网站数据账号密码,,韩国,
794,CC直接转账支付宝、微信 【寻合作伙伴】,,,支付宝
795,收藏级日本国小萌幼视频+图片全集,,日本,
796,收腾讯QQ通杀RCE漏洞,,,腾讯
797,求购374美元BTC支付宝回款,,,支付宝
798,374美金比特币支付宝回款,,,支付宝
799,一手整理285G智联招聘/前程无忧简历,,,"智联,前程无忧"
800,洗钱套餐号 火币号+支付宝号,,,支付宝
801,降价-智联招聘/前程无忧简历285G,,,"智联,前程无忧"
802,京东助手+淘宝试用助手+苏宁试用助手,,,"京东,苏宁,淘宝"
803,深圳业主信息100w（自动发货）,,深圳,
804,1美金底价，电脑端百度云不限速下载工具,,,百度
805,中国Eko家居用户数据34.8万条,,中国,Eko家居
806,支付宝理赔教程 日入2000元,,,支付宝
807,正常号段移动已实名电话卡，半年0月租,,,移动
808,免费无限制获得支付宝和微信收款号,,,支付宝
809,大学精英|广东某些高校学生会类成员数据,,广东,
810,出英国手持护照账单10套,,英国,
811,羊毛党必看！！！攻陷淘宝薅货教程！,,,淘宝
812,目前国内最牛逼的一款安卓手机远控木马,,,安卓
813,云南某地区00后学籍信息及监护人联系方式,,云南,
814,性感美国网红小妞黑丝自慰流出,,美国,
815,新加坡澳洲移民，永久居留权,,新加坡,
816,出英国护照30张低价,,英国,
817,出美国手持护照    资料高清,,美国,
818,出售韩国某金融网站数据,,韩国,
819,38万淘宝女性服装客户资料,,,淘宝
820,中国银行董事/高管数据,,中国,
821,澳门灰产之一 港币兑换方案-,,澳门,
822,中国铁路12306 13W条数据,,中国,12306
823,出售上海地区的一个私人会所联系方式,,上海,
824,(收购)收购一套完整的美国居民信息,,美国,
825,[求购查询服务]亚马逊店铺数据,,,亚马逊
826,已实名插卡即用电信普卡,,,电信
827,求购btc0.02，支付宝打款500,,,支付宝
828,900万当当网客户号码资料,,,当当
829,求购比特币0.05支付宝打款1300,,,支付宝
830,上海  最新  凤楼信息,,上海,
831,求购比特币0.009支付宝打款300,,,支付宝
832,求购比特币0.009支付宝打款310,,,支付宝
833,360急购0.01，微信，支付宝都可以,,,支付宝
834,6套对公账户，顺丰包邮,,,顺丰
835,2019年亚马逊礼品卡梳理,,,亚马逊
836,2019美国沃尔玛实物梳理教程,,美国,沃尔玛
837,2019年梳理亚马逊礼品卡教程,,,亚马逊
838,出美国手持驾照加正反面价格优惠,,美国,
839,出美国手持驾照加正反面,,美国,
840,找四件套/支付宝/火币号，这里一定要看！,,,支付宝
841,求购比特币0.003支付宝打款120,,,支付宝
842,法国兴业银行（大陆区）内部高管等联系方式,,法国,兴业银行
843,百家乐包赢公式，改变赌运有缘者得,,,百家乐
844,19年4月新出澳门新葡京11万+电话数据,,澳门,新葡京
845,百家乐最靠谱包赢公式，机缘者得,,,百家乐
846,1600万美团号码数据,,,美团
847,中国最大招聘网智联招聘送百度有钱花数据,,中国,"智联,百度,有钱花"
848,出网易邮箱账号5000个.,,,网易
849,CVV虚拟通道/直接充值微信支付宝,,,支付宝
850,出售比特币0.003 支付宝收款100,,,支付宝
851,专业洗衣机洗钱/主营电信/菠菜等业务,,,电信
852,韩国nate邮箱70万,,韩国,
853,【自动发货】北京海南高尔夫移动老库低价出,,"北京,海南",移动
854,2000W珍爱网数据,,,珍爱网
855,求购300元，比特币，支付宝，微信均可,,,支付宝
856,求购比特币0.006微信支付宝打款200,,,支付宝
857,出售自建ssr台湾高速流量白菜价,,台湾,
858,78w山西身份信息打包,,山西,
859,云南高校学院领导/招生就业处等数据,,云南,
860,一手欧美卡料，大概50万张。,,欧美,
861,出售京东数据约5000W,,,京东
862,出售139邮箱数据 全部都带钱 还在用的,,,139邮箱
863,欧美激情四射的实验室肛交,,欧美,
864,收400美元的比特币支付宝回款2700,,,支付宝
865,澳门巴黎人菠菜数据 带网址可验证,,澳门,
866,出0.004BTC微信支付宝收款150,,,支付宝
867,韩国收购大量个人信息和韩国专业洗钱团队,,韩国,
868,迪士尼3博彩源码，后台系统彩可控杀,,,迪士尼
869,欧美巨藕诎拙配巨乳,,欧美,
870,真人百家乐控杀：可指定账户输或赢,,,百家乐
871,欧美推油按摩黑鬼白妞,,欧美,
872,欧美军事基地的寂寞剧情,,欧美,
873,十套英国手持护照加账单,,英国,
874,有出售韩国类似国内四件套请联系我,,韩国,
875,支付宝二维码或账号实名教程,,,支付宝
876,台湾买春简单指南，自动发货,,台湾,
877,世界二十大禁片VS中国十大禁片,,中国,
878,BC新葡京近3个月数据 带网址 自动发货,,,新葡京
879,专业资金洗白、代收、资产转移  菠菜电信,,,电信
880,国内最大黄网，所有影片可用迅雷免费下载,,,迅雷
881,浙江地区最新一手车主信息,,浙江,
882,浙江地区一手车主信息,,浙江,
883,美国FULLZ-信用分700-800+,,美国,
884,支付宝收款58.80元个人私拍,,,支付宝
885,抖音成人版安卓IOS 无需充值高速播放,,,安卓
886,抖音成人版 无需充值 安卓/IOS都有,,,安卓
887,洗钱套餐 火币+支付宝+微信,,,支付宝
888,抖音成人版 IOS，安卓 高速播放,,,安卓
889,支付宝微信洗钱收款号  快速出号,,,支付宝
890,微信支付宝 火币 老字号  急速出货,,,支付宝
891,求购60美金BTC  支付宝打款,,,支付宝
892,微信支付宝 火币 老字号 急速出货,,,支付宝
893,平安新一贷深圳8.1万个在库资源,,深圳,新一贷
894,求购比特币0.01支付宝打款300,,,支付宝
895,低价出售，深圳平安新一贷8.1万条-,,深圳,新一贷
896,分享杭州地区几个姑娘信息，夜晚消遣好去处,,杭州,
897,钓鱼站源码 建设银行  中国移动,,中国,"建设,移动"
